-- MySQL dump 10.13  Distrib 8.0.27, for macos11 (arm64)
--
-- Host: 127.0.0.1    Database: registration
-- ------------------------------------------------------
-- Server version	8.0.27

/*!40101 SET @OLD_CHARACTER_SET_CLIENT=@@CHARACTER_SET_CLIENT */;
/*!40101 SET @OLD_CHARACTER_SET_RESULTS=@@CHARACTER_SET_RESULTS */;
/*!40101 SET @OLD_COLLATION_CONNECTION=@@COLLATION_CONNECTION */;
/*!50503 SET NAMES utf8mb4 */;
/*!40103 SET @OLD_TIME_ZONE=@@TIME_ZONE */;
/*!40103 SET TIME_ZONE='+00:00' */;
/*!40014 SET @OLD_UNIQUE_CHECKS=@@UNIQUE_CHECKS, UNIQUE_CHECKS=0 */;
/*!40014 SET @OLD_FOREIGN_KEY_CHECKS=@@FOREIGN_KEY_CHECKS, FOREIGN_KEY_CHECKS=0 */;
/*!40101 SET @OLD_SQL_MODE=@@SQL_MODE, SQL_MODE='NO_AUTO_VALUE_ON_ZERO' */;
/*!40111 SET @OLD_SQL_NOTES=@@SQL_NOTES, SQL_NOTES=0 */;

--
-- Table structure for table `gen_table`
--

DROP TABLE IF EXISTS `gen_table`;
/*!40101 SET @saved_cs_client     = @@character_set_client */;
/*!50503 SET character_set_client = utf8mb4 */;
CREATE TABLE `gen_table` (
  `table_id` bigint NOT NULL AUTO_INCREMENT COMMENT 'ç¼–å·',
  `table_name` varchar(200) CHARACTER SET utf8mb4 COLLATE utf8mb4_0900_ai_ci DEFAULT '' COMMENT 'è¡¨åç§°',
  `table_comment` varchar(500) CHARACTER SET utf8mb4 COLLATE utf8mb4_0900_ai_ci DEFAULT '' COMMENT 'è¡¨æè¿°',
  `sub_table_name` varchar(64) CHARACTER SET utf8mb4 COLLATE utf8mb4_0900_ai_ci DEFAULT NULL COMMENT 'å…³è”å­è¡¨çš„è¡¨å',
  `sub_table_fk_name` varchar(64) CHARACTER SET utf8mb4 COLLATE utf8mb4_0900_ai_ci DEFAULT NULL COMMENT 'å­è¡¨å…³è”çš„å¤–é”®å',
  `class_name` varchar(100) CHARACTER SET utf8mb4 COLLATE utf8mb4_0900_ai_ci DEFAULT '' COMMENT 'å®ä½“ç±»åç§°',
  `tpl_category` varchar(200) CHARACTER SET utf8mb4 COLLATE utf8mb4_0900_ai_ci DEFAULT 'crud' COMMENT 'ä½¿ç”¨çš„æ¨¡æ¿ï¼ˆcrudå•è¡¨æ“ä½œ treeæ ‘è¡¨æ“ä½œ subä¸»å­è¡¨æ“ä½œï¼‰',
  `package_name` varchar(100) CHARACTER SET utf8mb4 COLLATE utf8mb4_0900_ai_ci DEFAULT NULL COMMENT 'ç”ŸæˆåŒ…è·¯å¾„',
  `module_name` varchar(30) CHARACTER SET utf8mb4 COLLATE utf8mb4_0900_ai_ci DEFAULT NULL COMMENT 'ç”Ÿæˆæ¨¡å—å',
  `business_name` varchar(30) CHARACTER SET utf8mb4 COLLATE utf8mb4_0900_ai_ci DEFAULT NULL COMMENT 'ç”Ÿæˆä¸šåŠ¡å',
  `function_name` varchar(50) CHARACTER SET utf8mb4 COLLATE utf8mb4_0900_ai_ci DEFAULT NULL COMMENT 'ç”ŸæˆåŠŸèƒ½å',
  `function_author` varchar(50) CHARACTER SET utf8mb4 COLLATE utf8mb4_0900_ai_ci DEFAULT NULL COMMENT 'ç”ŸæˆåŠŸèƒ½ä½œè€…',
  `gen_type` char(1) CHARACTER SET utf8mb4 COLLATE utf8mb4_0900_ai_ci DEFAULT '0' COMMENT 'ç”Ÿæˆä»£ç æ–¹å¼ï¼ˆ0zipå‹ç¼©åŒ… 1è‡ªå®šä¹‰è·¯å¾„ï¼‰',
  `gen_path` varchar(200) CHARACTER SET utf8mb4 COLLATE utf8mb4_0900_ai_ci DEFAULT '/' COMMENT 'ç”Ÿæˆè·¯å¾„ï¼ˆä¸å¡«é»˜è®¤é¡¹ç›®è·¯å¾„ï¼‰',
  `options` varchar(1000) CHARACTER SET utf8mb4 COLLATE utf8mb4_0900_ai_ci DEFAULT NULL COMMENT 'å…¶å®ƒç”Ÿæˆé€‰é¡¹',
  `create_by` varchar(64) CHARACTER SET utf8mb4 COLLATE utf8mb4_0900_ai_ci DEFAULT '' COMMENT 'åˆ›å»ºè€…',
  `create_time` datetime DEFAULT NULL COMMENT 'åˆ›å»ºæ—¶é—´',
  `update_by` varchar(64) CHARACTER SET utf8mb4 COLLATE utf8mb4_0900_ai_ci DEFAULT '' COMMENT 'æ›´æ–°è€…',
  `update_time` datetime DEFAULT NULL COMMENT 'æ›´æ–°æ—¶é—´',
  `remark` varchar(500) CHARACTER SET utf8mb4 COLLATE utf8mb4_0900_ai_ci DEFAULT NULL COMMENT 'å¤‡æ³¨',
  PRIMARY KEY (`table_id`) USING BTREE
) ENGINE=InnoDB AUTO_INCREMENT=5 DEFAULT CHARSET=utf8mb4 COLLATE=utf8mb4_0900_ai_ci COMMENT='ä»£ç ç”Ÿæˆä¸šåŠ¡è¡¨';
/*!40101 SET character_set_client = @saved_cs_client */;

--
-- Dumping data for table `gen_table`
--

LOCK TABLES `gen_table` WRITE;
/*!40000 ALTER TABLE `gen_table` DISABLE KEYS */;
INSERT INTO `gen_table` VALUES (3,'registration_course','æŠ¥åè¯¾ç¨‹è¡¨','',NULL,'RegistrationCourse','crud','com.ruoyi.system','system','course','æŠ¥åè¯¾ç¨‹','ruoyi','0','/','{\"parentMenuId\":\"2046\",\"treeName\":\"\",\"treeParentCode\":\"\",\"parentMenuName\":\"è¯¾ç¨‹ç®¡ç†\",\"treeCode\":\"\"}','admin','2022-02-16 12:52:21','','2022-02-16 12:53:19',''),(4,'registration_user_course','å­¦ç”ŸæŠ¥åè¯¾ç¨‹è¡¨','',NULL,'RegistrationUserCourse','crud','com.ruoyi.system','system','userCourse','å­¦ç”ŸæŠ¥åè¯¾ç¨‹','ruoyi','0','/','{\"parentMenuId\":\"2047\",\"treeName\":\"\",\"treeParentCode\":\"\",\"parentMenuName\":\"æŠ¥åç®¡ç†\",\"treeCode\":\"\"}','admin','2022-02-16 12:52:21','','2022-02-16 12:53:42','');
/*!40000 ALTER TABLE `gen_table` ENABLE KEYS */;
UNLOCK TABLES;

--
-- Table structure for table `gen_table_column`
--

DROP TABLE IF EXISTS `gen_table_column`;
/*!40101 SET @saved_cs_client     = @@character_set_client */;
/*!50503 SET character_set_client = utf8mb4 */;
CREATE TABLE `gen_table_column` (
  `column_id` bigint NOT NULL AUTO_INCREMENT COMMENT 'ç¼–å·',
  `table_id` varchar(64) CHARACTER SET utf8mb4 COLLATE utf8mb4_0900_ai_ci DEFAULT NULL COMMENT 'å½’å±è¡¨ç¼–å·',
  `column_name` varchar(200) CHARACTER SET utf8mb4 COLLATE utf8mb4_0900_ai_ci DEFAULT NULL COMMENT 'åˆ—åç§°',
  `column_comment` varchar(500) CHARACTER SET utf8mb4 COLLATE utf8mb4_0900_ai_ci DEFAULT NULL COMMENT 'åˆ—æè¿°',
  `column_type` varchar(100) CHARACTER SET utf8mb4 COLLATE utf8mb4_0900_ai_ci DEFAULT NULL COMMENT 'åˆ—ç±»å‹',
  `java_type` varchar(500) CHARACTER SET utf8mb4 COLLATE utf8mb4_0900_ai_ci DEFAULT NULL COMMENT 'JAVAç±»å‹',
  `java_field` varchar(200) CHARACTER SET utf8mb4 COLLATE utf8mb4_0900_ai_ci DEFAULT NULL COMMENT 'JAVAå­—æ®µå',
  `is_pk` char(1) CHARACTER SET utf8mb4 COLLATE utf8mb4_0900_ai_ci DEFAULT NULL COMMENT 'æ˜¯å¦ä¸»é”®ï¼ˆ1æ˜¯ï¼‰',
  `is_increment` char(1) CHARACTER SET utf8mb4 COLLATE utf8mb4_0900_ai_ci DEFAULT NULL COMMENT 'æ˜¯å¦è‡ªå¢ï¼ˆ1æ˜¯ï¼‰',
  `is_required` char(1) CHARACTER SET utf8mb4 COLLATE utf8mb4_0900_ai_ci DEFAULT NULL COMMENT 'æ˜¯å¦å¿…å¡«ï¼ˆ1æ˜¯ï¼‰',
  `is_insert` char(1) CHARACTER SET utf8mb4 COLLATE utf8mb4_0900_ai_ci DEFAULT NULL COMMENT 'æ˜¯å¦ä¸ºæ’å…¥å­—æ®µï¼ˆ1æ˜¯ï¼‰',
  `is_edit` char(1) CHARACTER SET utf8mb4 COLLATE utf8mb4_0900_ai_ci DEFAULT NULL COMMENT 'æ˜¯å¦ç¼–è¾‘å­—æ®µï¼ˆ1æ˜¯ï¼‰',
  `is_list` char(1) CHARACTER SET utf8mb4 COLLATE utf8mb4_0900_ai_ci DEFAULT NULL COMMENT 'æ˜¯å¦åˆ—è¡¨å­—æ®µï¼ˆ1æ˜¯ï¼‰',
  `is_query` char(1) CHARACTER SET utf8mb4 COLLATE utf8mb4_0900_ai_ci DEFAULT NULL COMMENT 'æ˜¯å¦æŸ¥è¯¢å­—æ®µï¼ˆ1æ˜¯ï¼‰',
  `query_type` varchar(200) CHARACTER SET utf8mb4 COLLATE utf8mb4_0900_ai_ci DEFAULT 'EQ' COMMENT 'æŸ¥è¯¢æ–¹å¼ï¼ˆç­‰äºã€ä¸ç­‰äºã€å¤§äºã€å°äºã€èŒƒå›´ï¼‰',
  `html_type` varchar(200) CHARACTER SET utf8mb4 COLLATE utf8mb4_0900_ai_ci DEFAULT NULL COMMENT 'æ˜¾ç¤ºç±»å‹ï¼ˆæ–‡æœ¬æ¡†ã€æ–‡æœ¬åŸŸã€ä¸‹æ‹‰æ¡†ã€å¤é€‰æ¡†ã€å•é€‰æ¡†ã€æ—¥æœŸæ§ä»¶ï¼‰',
  `dict_type` varchar(200) CHARACTER SET utf8mb4 COLLATE utf8mb4_0900_ai_ci DEFAULT '' COMMENT 'å­—å…¸ç±»å‹',
  `sort` int DEFAULT NULL COMMENT 'æ’åº',
  `create_by` varchar(64) CHARACTER SET utf8mb4 COLLATE utf8mb4_0900_ai_ci DEFAULT '' COMMENT 'åˆ›å»ºè€…',
  `create_time` datetime DEFAULT NULL COMMENT 'åˆ›å»ºæ—¶é—´',
  `update_by` varchar(64) CHARACTER SET utf8mb4 COLLATE utf8mb4_0900_ai_ci DEFAULT '' COMMENT 'æ›´æ–°è€…',
  `update_time` datetime DEFAULT NULL COMMENT 'æ›´æ–°æ—¶é—´',
  PRIMARY KEY (`column_id`) USING BTREE
) ENGINE=InnoDB AUTO_INCREMENT=39 DEFAULT CHARSET=utf8mb4 COLLATE=utf8mb4_0900_ai_ci COMMENT='ä»£ç ç”Ÿæˆä¸šåŠ¡è¡¨å­—æ®µ';
/*!40101 SET character_set_client = @saved_cs_client */;

--
-- Dumping data for table `gen_table_column`
--

LOCK TABLES `gen_table_column` WRITE;
/*!40000 ALTER TABLE `gen_table_column` DISABLE KEYS */;
INSERT INTO `gen_table_column` VALUES (20,'3','id','å‚æ•°ä¸»é”®','int','Long','id','1','1',NULL,'1',NULL,NULL,NULL,'EQ','input','',1,'admin','2022-02-16 12:52:21',NULL,'2022-02-16 12:53:19'),(21,'3','course_name','è¯¾ç¨‹åç§°','varchar(100)','String','courseName','0','0',NULL,'1','1','1','1','LIKE','input','',2,'admin','2022-02-16 12:52:21',NULL,'2022-02-16 12:53:19'),(22,'3','course_score','è¯¾ç¨‹å­¦åˆ†','varchar(100)','String','courseScore','0','0',NULL,'1','1','1','1','EQ','input','',3,'admin','2022-02-16 12:52:21',NULL,'2022-02-16 12:53:19'),(23,'3','course_required','æ˜¯å¦æ˜¯å¿…ä¿®è¯¾ç¨‹ 0é€‰ä¿® 1å¿…ä¿®','char(1)','String','courseRequired','0','0',NULL,'1','1','1','1','EQ','input','',4,'admin','2022-02-16 12:52:21',NULL,'2022-02-16 12:53:19'),(24,'3','status','è¯¾ç¨‹çŠ¶æ€ï¼ˆ0æ­£å¸¸ 1åœç”¨ï¼‰','char(1)','String','status','0','0',NULL,'1','1','1','1','EQ','radio','',5,'admin','2022-02-16 12:52:21',NULL,'2022-02-16 12:53:19'),(25,'3','create_by','åˆ›å»ºè€…','varchar(64)','String','createBy','0','0',NULL,'1',NULL,NULL,NULL,'EQ','input','',6,'admin','2022-02-16 12:52:21',NULL,'2022-02-16 12:53:19'),(26,'3','create_time','åˆ›å»ºæ—¶é—´','datetime','Date','createTime','0','0',NULL,'1',NULL,NULL,NULL,'EQ','datetime','',7,'admin','2022-02-16 12:52:21',NULL,'2022-02-16 12:53:19'),(27,'3','update_by','æ›´æ–°è€…','varchar(64)','String','updateBy','0','0',NULL,'1','1',NULL,NULL,'EQ','input','',8,'admin','2022-02-16 12:52:21',NULL,'2022-02-16 12:53:19'),(28,'3','update_time','æ›´æ–°æ—¶é—´','datetime','Date','updateTime','0','0',NULL,'1','1',NULL,NULL,'EQ','datetime','',9,'admin','2022-02-16 12:52:21',NULL,'2022-02-16 12:53:19'),(29,'3','remark','å¤‡æ³¨','varchar(500)','String','remark','0','0',NULL,'1','1','1',NULL,'EQ','textarea','',10,'admin','2022-02-16 12:52:21',NULL,'2022-02-16 12:53:19'),(30,'4','id','å‚æ•°ä¸»é”®','int','Long','id','1','1',NULL,'1',NULL,NULL,NULL,'EQ','input','',1,'admin','2022-02-16 12:52:21',NULL,'2022-02-16 12:53:42'),(31,'4','user_id','ç”¨æˆ·id','varchar(100)','String','userId','0','0',NULL,'1','1','1','1','EQ','input','',2,'admin','2022-02-16 12:52:21',NULL,'2022-02-16 12:53:42'),(32,'4','course_id','è¯¾ç¨‹id','varchar(100)','String','courseId','0','0',NULL,'1','1','1','1','EQ','input','',3,'admin','2022-02-16 12:52:21',NULL,'2022-02-16 12:53:42'),(33,'4','registration_status','æŠ¥åçŠ¶æ€ 0æœªæŠ¥å 1å·²æŠ¥å','char(1)','String','registrationStatus','0','0',NULL,'1','1','1','1','EQ','radio','',4,'admin','2022-02-16 12:52:21',NULL,'2022-02-16 12:53:42'),(34,'4','create_by','åˆ›å»ºè€…','varchar(64)','String','createBy','0','0',NULL,'1',NULL,NULL,NULL,'EQ','input','',5,'admin','2022-02-16 12:52:21',NULL,'2022-02-16 12:53:42'),(35,'4','create_time','åˆ›å»ºæ—¶é—´','datetime','Date','createTime','0','0',NULL,'1',NULL,NULL,NULL,'EQ','datetime','',6,'admin','2022-02-16 12:52:21',NULL,'2022-02-16 12:53:42'),(36,'4','update_by','æ›´æ–°è€…','varchar(64)','String','updateBy','0','0',NULL,'1','1',NULL,NULL,'EQ','input','',7,'admin','2022-02-16 12:52:21',NULL,'2022-02-16 12:53:42'),(37,'4','update_time','æ›´æ–°æ—¶é—´','datetime','Date','updateTime','0','0',NULL,'1','1',NULL,NULL,'EQ','datetime','',8,'admin','2022-02-16 12:52:21',NULL,'2022-02-16 12:53:42'),(38,'4','remark','å¤‡æ³¨','varchar(500)','String','remark','0','0',NULL,'1','1','1',NULL,'EQ','textarea','',9,'admin','2022-02-16 12:52:21',NULL,'2022-02-16 12:53:42');
/*!40000 ALTER TABLE `gen_table_column` ENABLE KEYS */;
UNLOCK TABLES;

--
-- Table structure for table `QRTZ_BLOB_TRIGGERS`
--

DROP TABLE IF EXISTS `QRTZ_BLOB_TRIGGERS`;
/*!40101 SET @saved_cs_client     = @@character_set_client */;
/*!50503 SET character_set_client = utf8mb4 */;
CREATE TABLE `QRTZ_BLOB_TRIGGERS` (
  `sched_name` varchar(120) CHARACTER SET utf8mb4 COLLATE utf8mb4_0900_ai_ci NOT NULL COMMENT 'è°ƒåº¦åç§°',
  `trigger_name` varchar(200) CHARACTER SET utf8mb4 COLLATE utf8mb4_0900_ai_ci NOT NULL COMMENT 'qrtz_triggersè¡¨trigger_nameçš„å¤–é”®',
  `trigger_group` varchar(200) CHARACTER SET utf8mb4 COLLATE utf8mb4_0900_ai_ci NOT NULL COMMENT 'qrtz_triggersè¡¨trigger_groupçš„å¤–é”®',
  `blob_data` blob COMMENT 'å­˜æ”¾æŒä¹…åŒ–Triggerå¯¹è±¡',
  PRIMARY KEY (`sched_name`,`trigger_name`,`trigger_group`) USING BTREE,
  CONSTRAINT `qrtz_blob_triggers_ibfk_1` FOREIGN KEY (`sched_name`, `trigger_name`, `trigger_group`) REFERENCES `QRTZ_TRIGGERS` (`sched_name`, `trigger_name`, `trigger_group`) ON DELETE RESTRICT ON UPDATE RESTRICT
) ENGINE=InnoDB DEFAULT CHARSET=utf8mb4 COLLATE=utf8mb4_0900_ai_ci COMMENT='Blobç±»å‹çš„è§¦å‘å™¨è¡¨';
/*!40101 SET character_set_client = @saved_cs_client */;

--
-- Dumping data for table `QRTZ_BLOB_TRIGGERS`
--

LOCK TABLES `QRTZ_BLOB_TRIGGERS` WRITE;
/*!40000 ALTER TABLE `QRTZ_BLOB_TRIGGERS` DISABLE KEYS */;
/*!40000 ALTER TABLE `QRTZ_BLOB_TRIGGERS` ENABLE KEYS */;
UNLOCK TABLES;

--
-- Table structure for table `QRTZ_CALENDARS`
--

DROP TABLE IF EXISTS `QRTZ_CALENDARS`;
/*!40101 SET @saved_cs_client     = @@character_set_client */;
/*!50503 SET character_set_client = utf8mb4 */;
CREATE TABLE `QRTZ_CALENDARS` (
  `sched_name` varchar(120) CHARACTER SET utf8mb4 COLLATE utf8mb4_0900_ai_ci NOT NULL COMMENT 'è°ƒåº¦åç§°',
  `calendar_name` varchar(200) CHARACTER SET utf8mb4 COLLATE utf8mb4_0900_ai_ci NOT NULL COMMENT 'æ—¥å†åç§°',
  `calendar` blob NOT NULL COMMENT 'å­˜æ”¾æŒä¹…åŒ–calendarå¯¹è±¡',
  PRIMARY KEY (`sched_name`,`calendar_name`) USING BTREE
) ENGINE=InnoDB DEFAULT CHARSET=utf8mb4 COLLATE=utf8mb4_0900_ai_ci COMMENT='æ—¥å†ä¿¡æ¯è¡¨';
/*!40101 SET character_set_client = @saved_cs_client */;

--
-- Dumping data for table `QRTZ_CALENDARS`
--

LOCK TABLES `QRTZ_CALENDARS` WRITE;
/*!40000 ALTER TABLE `QRTZ_CALENDARS` DISABLE KEYS */;
/*!40000 ALTER TABLE `QRTZ_CALENDARS` ENABLE KEYS */;
UNLOCK TABLES;

--
-- Table structure for table `QRTZ_CRON_TRIGGERS`
--

DROP TABLE IF EXISTS `QRTZ_CRON_TRIGGERS`;
/*!40101 SET @saved_cs_client     = @@character_set_client */;
/*!50503 SET character_set_client = utf8mb4 */;
CREATE TABLE `QRTZ_CRON_TRIGGERS` (
  `sched_name` varchar(120) CHARACTER SET utf8mb4 COLLATE utf8mb4_0900_ai_ci NOT NULL COMMENT 'è°ƒåº¦åç§°',
  `trigger_name` varchar(200) CHARACTER SET utf8mb4 COLLATE utf8mb4_0900_ai_ci NOT NULL COMMENT 'qrtz_triggersè¡¨trigger_nameçš„å¤–é”®',
  `trigger_group` varchar(200) CHARACTER SET utf8mb4 COLLATE utf8mb4_0900_ai_ci NOT NULL COMMENT 'qrtz_triggersè¡¨trigger_groupçš„å¤–é”®',
  `cron_expression` varchar(200) CHARACTER SET utf8mb4 COLLATE utf8mb4_0900_ai_ci NOT NULL COMMENT 'cronè¡¨è¾¾å¼',
  `time_zone_id` varchar(80) CHARACTER SET utf8mb4 COLLATE utf8mb4_0900_ai_ci DEFAULT NULL COMMENT 'æ—¶åŒº',
  PRIMARY KEY (`sched_name`,`trigger_name`,`trigger_group`) USING BTREE,
  CONSTRAINT `qrtz_cron_triggers_ibfk_1` FOREIGN KEY (`sched_name`, `trigger_name`, `trigger_group`) REFERENCES `QRTZ_TRIGGERS` (`sched_name`, `trigger_name`, `trigger_group`) ON DELETE RESTRICT ON UPDATE RESTRICT
) ENGINE=InnoDB DEFAULT CHARSET=utf8mb4 COLLATE=utf8mb4_0900_ai_ci COMMENT='Cronç±»å‹çš„è§¦å‘å™¨è¡¨';
/*!40101 SET character_set_client = @saved_cs_client */;

--
-- Dumping data for table `QRTZ_CRON_TRIGGERS`
--

LOCK TABLES `QRTZ_CRON_TRIGGERS` WRITE;
/*!40000 ALTER TABLE `QRTZ_CRON_TRIGGERS` DISABLE KEYS */;
INSERT INTO `QRTZ_CRON_TRIGGERS` VALUES ('RuoyiScheduler','TASK_CLASS_NAME1','DEFAULT','0/10 * * * * ?','Asia/Shanghai'),('RuoyiScheduler','TASK_CLASS_NAME2','DEFAULT','0/15 * * * * ?','Asia/Shanghai'),('RuoyiScheduler','TASK_CLASS_NAME3','DEFAULT','0/20 * * * * ?','Asia/Shanghai');
/*!40000 ALTER TABLE `QRTZ_CRON_TRIGGERS` ENABLE KEYS */;
UNLOCK TABLES;

--
-- Table structure for table `QRTZ_FIRED_TRIGGERS`
--

DROP TABLE IF EXISTS `QRTZ_FIRED_TRIGGERS`;
/*!40101 SET @saved_cs_client     = @@character_set_client */;
/*!50503 SET character_set_client = utf8mb4 */;
CREATE TABLE `QRTZ_FIRED_TRIGGERS` (
  `sched_name` varchar(120) CHARACTER SET utf8mb4 COLLATE utf8mb4_0900_ai_ci NOT NULL COMMENT 'è°ƒåº¦åç§°',
  `entry_id` varchar(95) CHARACTER SET utf8mb4 COLLATE utf8mb4_0900_ai_ci NOT NULL COMMENT 'è°ƒåº¦å™¨å®ä¾‹id',
  `trigger_name` varchar(200) CHARACTER SET utf8mb4 COLLATE utf8mb4_0900_ai_ci NOT NULL COMMENT 'qrtz_triggersè¡¨trigger_nameçš„å¤–é”®',
  `trigger_group` varchar(200) CHARACTER SET utf8mb4 COLLATE utf8mb4_0900_ai_ci NOT NULL COMMENT 'qrtz_triggersè¡¨trigger_groupçš„å¤–é”®',
  `instance_name` varchar(200) CHARACTER SET utf8mb4 COLLATE utf8mb4_0900_ai_ci NOT NULL COMMENT 'è°ƒåº¦å™¨å®ä¾‹å',
  `fired_time` bigint NOT NULL COMMENT 'è§¦å‘çš„æ—¶é—´',
  `sched_time` bigint NOT NULL COMMENT 'å®šæ—¶å™¨åˆ¶å®šçš„æ—¶é—´',
  `priority` int NOT NULL COMMENT 'ä¼˜å…ˆçº§',
  `state` varchar(16) CHARACTER SET utf8mb4 COLLATE utf8mb4_0900_ai_ci NOT NULL COMMENT 'çŠ¶æ€',
  `job_name` varchar(200) CHARACTER SET utf8mb4 COLLATE utf8mb4_0900_ai_ci DEFAULT NULL COMMENT 'ä»»åŠ¡åç§°',
  `job_group` varchar(200) CHARACTER SET utf8mb4 COLLATE utf8mb4_0900_ai_ci DEFAULT NULL COMMENT 'ä»»åŠ¡ç»„å',
  `is_nonconcurrent` varchar(1) CHARACTER SET utf8mb4 COLLATE utf8mb4_0900_ai_ci DEFAULT NULL COMMENT 'æ˜¯å¦å¹¶å‘',
  `requests_recovery` varchar(1) CHARACTER SET utf8mb4 COLLATE utf8mb4_0900_ai_ci DEFAULT NULL COMMENT 'æ˜¯å¦æ¥å—æ¢å¤æ‰§è¡Œ',
  PRIMARY KEY (`sched_name`,`entry_id`) USING BTREE
) ENGINE=InnoDB DEFAULT CHARSET=utf8mb4 COLLATE=utf8mb4_0900_ai_ci COMMENT='å·²è§¦å‘çš„è§¦å‘å™¨è¡¨';
/*!40101 SET character_set_client = @saved_cs_client */;

--
-- Dumping data for table `QRTZ_FIRED_TRIGGERS`
--

LOCK TABLES `QRTZ_FIRED_TRIGGERS` WRITE;
/*!40000 ALTER TABLE `QRTZ_FIRED_TRIGGERS` DISABLE KEYS */;
/*!40000 ALTER TABLE `QRTZ_FIRED_TRIGGERS` ENABLE KEYS */;
UNLOCK TABLES;

--
-- Table structure for table `QRTZ_JOB_DETAILS`
--

DROP TABLE IF EXISTS `QRTZ_JOB_DETAILS`;
/*!40101 SET @saved_cs_client     = @@character_set_client */;
/*!50503 SET character_set_client = utf8mb4 */;
CREATE TABLE `QRTZ_JOB_DETAILS` (
  `sched_name` varchar(120) CHARACTER SET utf8mb4 COLLATE utf8mb4_0900_ai_ci NOT NULL COMMENT 'è°ƒåº¦åç§°',
  `job_name` varchar(200) CHARACTER SET utf8mb4 COLLATE utf8mb4_0900_ai_ci NOT NULL COMMENT 'ä»»åŠ¡åç§°',
  `job_group` varchar(200) CHARACTER SET utf8mb4 COLLATE utf8mb4_0900_ai_ci NOT NULL COMMENT 'ä»»åŠ¡ç»„å',
  `description` varchar(250) CHARACTER SET utf8mb4 COLLATE utf8mb4_0900_ai_ci DEFAULT NULL COMMENT 'ç›¸å…³ä»‹ç»',
  `job_class_name` varchar(250) CHARACTER SET utf8mb4 COLLATE utf8mb4_0900_ai_ci NOT NULL COMMENT 'æ‰§è¡Œä»»åŠ¡ç±»åç§°',
  `is_durable` varchar(1) CHARACTER SET utf8mb4 COLLATE utf8mb4_0900_ai_ci NOT NULL COMMENT 'æ˜¯å¦æŒä¹…åŒ–',
  `is_nonconcurrent` varchar(1) CHARACTER SET utf8mb4 COLLATE utf8mb4_0900_ai_ci NOT NULL COMMENT 'æ˜¯å¦å¹¶å‘',
  `is_update_data` varchar(1) CHARACTER SET utf8mb4 COLLATE utf8mb4_0900_ai_ci NOT NULL COMMENT 'æ˜¯å¦æ›´æ–°æ•°æ®',
  `requests_recovery` varchar(1) CHARACTER SET utf8mb4 COLLATE utf8mb4_0900_ai_ci NOT NULL COMMENT 'æ˜¯å¦æ¥å—æ¢å¤æ‰§è¡Œ',
  `job_data` blob COMMENT 'å­˜æ”¾æŒä¹…åŒ–jobå¯¹è±¡',
  PRIMARY KEY (`sched_name`,`job_name`,`job_group`) USING BTREE
) ENGINE=InnoDB DEFAULT CHARSET=utf8mb4 COLLATE=utf8mb4_0900_ai_ci COMMENT='ä»»åŠ¡è¯¦ç»†ä¿¡æ¯è¡¨';
/*!40101 SET character_set_client = @saved_cs_client */;

--
-- Dumping data for table `QRTZ_JOB_DETAILS`
--

LOCK TABLES `QRTZ_JOB_DETAILS` WRITE;
/*!40000 ALTER TABLE `QRTZ_JOB_DETAILS` DISABLE KEYS */;
INSERT INTO `QRTZ_JOB_DETAILS` VALUES ('RuoyiScheduler','TASK_CLASS_NAME1','DEFAULT',NULL,'com.ruoyi.quartz.util.QuartzDisallowConcurrentExecution','0','1','0','0',_binary '¬\í\0sr\0org.quartz.JobDataMapŸ°ƒè¿©°\Ë\0\0xr\0&org.quartz.utils.StringKeyDirtyFlagMap‚\è\Ãû\Å](\0Z\0allowsTransientDataxr\0org.quartz.utils.DirtyFlagMap\æ.­(v\n\Î\0Z\0dirtyL\0mapt\0Ljava/util/Map;xpsr\0java.util.HashMap\ÚÁ\Ã`\Ñ\0F\0\nloadFactorI\0	thresholdxp?@\0\0\0\0\0w\0\0\0\0\0\0t\0TASK_PROPERTIESsr\0com.ruoyi.quartz.domain.SysJob\0\0\0\0\0\0\0\0L\0\nconcurrentt\0Ljava/lang/String;L\0cronExpressionq\0~\0	L\0invokeTargetq\0~\0	L\0jobGroupq\0~\0	L\0jobIdt\0Ljava/lang/Long;L\0jobNameq\0~\0	L\0\rmisfirePolicyq\0~\0	L\0statusq\0~\0	xr\0\'com.ruoyi.common.core.domain.BaseEntity\0\0\0\0\0\0\0\0L\0createByq\0~\0	L\0\ncreateTimet\0Ljava/util/Date;L\0paramsq\0~\0L\0remarkq\0~\0	L\0searchValueq\0~\0	L\0updateByq\0~\0	L\0\nupdateTimeq\0~\0xpt\0adminsr\0java.util.DatehjKYt\0\0xpw\0\0~\ö\ë6xpt\0\0pppt\01t\00/10 * * * * ?t\0ryTask.ryNoParamst\0DEFAULTsr\0java.lang.Long;‹\äÌ#\ß\0J\0valuexr\0java.lang.Number†¬•”\à‹\0\0xp\0\0\0\0\0\0\0t\0ç³»ç»Ÿé»˜è®¤ï¼ˆæ— å‚ï¼‰t\03t\01x\0'),('RuoyiScheduler','TASK_CLASS_NAME2','DEFAULT',NULL,'com.ruoyi.quartz.util.QuartzDisallowConcurrentExecution','0','1','0','0',_binary '¬\í\0sr\0org.quartz.JobDataMapŸ°ƒè¿©°\Ë\0\0xr\0&org.quartz.utils.StringKeyDirtyFlagMap‚\è\Ãû\Å](\0Z\0allowsTransientDataxr\0org.quartz.utils.DirtyFlagMap\æ.­(v\n\Î\0Z\0dirtyL\0mapt\0Ljava/util/Map;xpsr\0java.util.HashMap\ÚÁ\Ã`\Ñ\0F\0\nloadFactorI\0	thresholdxp?@\0\0\0\0\0w\0\0\0\0\0\0t\0TASK_PROPERTIESsr\0com.ruoyi.quartz.domain.SysJob\0\0\0\0\0\0\0\0L\0\nconcurrentt\0Ljava/lang/String;L\0cronExpressionq\0~\0	L\0invokeTargetq\0~\0	L\0jobGroupq\0~\0	L\0jobIdt\0Ljava/lang/Long;L\0jobNameq\0~\0	L\0\rmisfirePolicyq\0~\0	L\0statusq\0~\0	xr\0\'com.ruoyi.common.core.domain.BaseEntity\0\0\0\0\0\0\0\0L\0createByq\0~\0	L\0\ncreateTimet\0Ljava/util/Date;L\0paramsq\0~\0L\0remarkq\0~\0	L\0searchValueq\0~\0	L\0updateByq\0~\0	L\0\nupdateTimeq\0~\0xpt\0adminsr\0java.util.DatehjKYt\0\0xpw\0\0~\ö\ë6xpt\0\0pppt\01t\00/15 * * * * ?t\0ryTask.ryParams(\'ry\')t\0DEFAULTsr\0java.lang.Long;‹\äÌ#\ß\0J\0valuexr\0java.lang.Number†¬•”\à‹\0\0xp\0\0\0\0\0\0\0t\0ç³»ç»Ÿé»˜è®¤ï¼ˆæœ‰å‚ï¼‰t\03t\01x\0'),('RuoyiScheduler','TASK_CLASS_NAME3','DEFAULT',NULL,'com.ruoyi.quartz.util.QuartzDisallowConcurrentExecution','0','1','0','0',_binary '¬\í\0sr\0org.quartz.JobDataMapŸ°ƒè¿©°\Ë\0\0xr\0&org.quartz.utils.StringKeyDirtyFlagMap‚\è\Ãû\Å](\0Z\0allowsTransientDataxr\0org.quartz.utils.DirtyFlagMap\æ.­(v\n\Î\0Z\0dirtyL\0mapt\0Ljava/util/Map;xpsr\0java.util.HashMap\ÚÁ\Ã`\Ñ\0F\0\nloadFactorI\0	thresholdxp?@\0\0\0\0\0w\0\0\0\0\0\0t\0TASK_PROPERTIESsr\0com.ruoyi.quartz.domain.SysJob\0\0\0\0\0\0\0\0L\0\nconcurrentt\0Ljava/lang/String;L\0cronExpressionq\0~\0	L\0invokeTargetq\0~\0	L\0jobGroupq\0~\0	L\0jobIdt\0Ljava/lang/Long;L\0jobNameq\0~\0	L\0\rmisfirePolicyq\0~\0	L\0statusq\0~\0	xr\0\'com.ruoyi.common.core.domain.BaseEntity\0\0\0\0\0\0\0\0L\0createByq\0~\0	L\0\ncreateTimet\0Ljava/util/Date;L\0paramsq\0~\0L\0remarkq\0~\0	L\0searchValueq\0~\0	L\0updateByq\0~\0	L\0\nupdateTimeq\0~\0xpt\0adminsr\0java.util.DatehjKYt\0\0xpw\0\0~\ö\ë6xpt\0\0pppt\01t\00/20 * * * * ?t\08ryTask.ryMultipleParams(\'ry\', true, 2000L, 316.50D, 100)t\0DEFAULTsr\0java.lang.Long;‹\äÌ#\ß\0J\0valuexr\0java.lang.Number†¬•”\à‹\0\0xp\0\0\0\0\0\0\0t\0ç³»ç»Ÿé»˜è®¤ï¼ˆå¤šå‚ï¼‰t\03t\01x\0');
/*!40000 ALTER TABLE `QRTZ_JOB_DETAILS` ENABLE KEYS */;
UNLOCK TABLES;

--
-- Table structure for table `QRTZ_LOCKS`
--

DROP TABLE IF EXISTS `QRTZ_LOCKS`;
/*!40101 SET @saved_cs_client     = @@character_set_client */;
/*!50503 SET character_set_client = utf8mb4 */;
CREATE TABLE `QRTZ_LOCKS` (
  `sched_name` varchar(120) CHARACTER SET utf8mb4 COLLATE utf8mb4_0900_ai_ci NOT NULL COMMENT 'è°ƒåº¦åç§°',
  `lock_name` varchar(40) CHARACTER SET utf8mb4 COLLATE utf8mb4_0900_ai_ci NOT NULL COMMENT 'æ‚²è§‚é”åç§°',
  PRIMARY KEY (`sched_name`,`lock_name`) USING BTREE
) ENGINE=InnoDB DEFAULT CHARSET=utf8mb4 COLLATE=utf8mb4_0900_ai_ci COMMENT='å­˜å‚¨çš„æ‚²è§‚é”ä¿¡æ¯è¡¨';
/*!40101 SET character_set_client = @saved_cs_client */;

--
-- Dumping data for table `QRTZ_LOCKS`
--

LOCK TABLES `QRTZ_LOCKS` WRITE;
/*!40000 ALTER TABLE `QRTZ_LOCKS` DISABLE KEYS */;
INSERT INTO `QRTZ_LOCKS` VALUES ('RuoyiScheduler','STATE_ACCESS'),('RuoyiScheduler','TRIGGER_ACCESS');
/*!40000 ALTER TABLE `QRTZ_LOCKS` ENABLE KEYS */;
UNLOCK TABLES;

--
-- Table structure for table `QRTZ_PAUSED_TRIGGER_GRPS`
--

DROP TABLE IF EXISTS `QRTZ_PAUSED_TRIGGER_GRPS`;
/*!40101 SET @saved_cs_client     = @@character_set_client */;
/*!50503 SET character_set_client = utf8mb4 */;
CREATE TABLE `QRTZ_PAUSED_TRIGGER_GRPS` (
  `sched_name` varchar(120) CHARACTER SET utf8mb4 COLLATE utf8mb4_0900_ai_ci NOT NULL COMMENT 'è°ƒåº¦åç§°',
  `trigger_group` varchar(200) CHARACTER SET utf8mb4 COLLATE utf8mb4_0900_ai_ci NOT NULL COMMENT 'qrtz_triggersè¡¨trigger_groupçš„å¤–é”®',
  PRIMARY KEY (`sched_name`,`trigger_group`) USING BTREE
) ENGINE=InnoDB DEFAULT CHARSET=utf8mb4 COLLATE=utf8mb4_0900_ai_ci COMMENT='æš‚åœçš„è§¦å‘å™¨è¡¨';
/*!40101 SET character_set_client = @saved_cs_client */;

--
-- Dumping data for table `QRTZ_PAUSED_TRIGGER_GRPS`
--

LOCK TABLES `QRTZ_PAUSED_TRIGGER_GRPS` WRITE;
/*!40000 ALTER TABLE `QRTZ_PAUSED_TRIGGER_GRPS` DISABLE KEYS */;
/*!40000 ALTER TABLE `QRTZ_PAUSED_TRIGGER_GRPS` ENABLE KEYS */;
UNLOCK TABLES;

--
-- Table structure for table `QRTZ_SCHEDULER_STATE`
--

DROP TABLE IF EXISTS `QRTZ_SCHEDULER_STATE`;
/*!40101 SET @saved_cs_client     = @@character_set_client */;
/*!50503 SET character_set_client = utf8mb4 */;
CREATE TABLE `QRTZ_SCHEDULER_STATE` (
  `sched_name` varchar(120) CHARACTER SET utf8mb4 COLLATE utf8mb4_0900_ai_ci NOT NULL COMMENT 'è°ƒåº¦åç§°',
  `instance_name` varchar(200) CHARACTER SET utf8mb4 COLLATE utf8mb4_0900_ai_ci NOT NULL COMMENT 'å®ä¾‹åç§°',
  `last_checkin_time` bigint NOT NULL COMMENT 'ä¸Šæ¬¡æ£€æŸ¥æ—¶é—´',
  `checkin_interval` bigint NOT NULL COMMENT 'æ£€æŸ¥é—´éš”æ—¶é—´',
  PRIMARY KEY (`sched_name`,`instance_name`) USING BTREE
) ENGINE=InnoDB DEFAULT CHARSET=utf8mb4 COLLATE=utf8mb4_0900_ai_ci COMMENT='è°ƒåº¦å™¨çŠ¶æ€è¡¨';
/*!40101 SET character_set_client = @saved_cs_client */;

--
-- Dumping data for table `QRTZ_SCHEDULER_STATE`
--

LOCK TABLES `QRTZ_SCHEDULER_STATE` WRITE;
/*!40000 ALTER TABLE `QRTZ_SCHEDULER_STATE` DISABLE KEYS */;
INSERT INTO `QRTZ_SCHEDULER_STATE` VALUES ('RuoyiScheduler','bogon1645192964052',1645193162614,15000);
/*!40000 ALTER TABLE `QRTZ_SCHEDULER_STATE` ENABLE KEYS */;
UNLOCK TABLES;

--
-- Table structure for table `QRTZ_SIMPLE_TRIGGERS`
--

DROP TABLE IF EXISTS `QRTZ_SIMPLE_TRIGGERS`;
/*!40101 SET @saved_cs_client     = @@character_set_client */;
/*!50503 SET character_set_client = utf8mb4 */;
CREATE TABLE `QRTZ_SIMPLE_TRIGGERS` (
  `sched_name` varchar(120) CHARACTER SET utf8mb4 COLLATE utf8mb4_0900_ai_ci NOT NULL COMMENT 'è°ƒåº¦åç§°',
  `trigger_name` varchar(200) CHARACTER SET utf8mb4 COLLATE utf8mb4_0900_ai_ci NOT NULL COMMENT 'qrtz_triggersè¡¨trigger_nameçš„å¤–é”®',
  `trigger_group` varchar(200) CHARACTER SET utf8mb4 COLLATE utf8mb4_0900_ai_ci NOT NULL COMMENT 'qrtz_triggersè¡¨trigger_groupçš„å¤–é”®',
  `repeat_count` bigint NOT NULL COMMENT 'é‡å¤çš„æ¬¡æ•°ç»Ÿè®¡',
  `repeat_interval` bigint NOT NULL COMMENT 'é‡å¤çš„é—´éš”æ—¶é—´',
  `times_triggered` bigint NOT NULL COMMENT 'å·²ç»è§¦å‘çš„æ¬¡æ•°',
  PRIMARY KEY (`sched_name`,`trigger_name`,`trigger_group`) USING BTREE,
  CONSTRAINT `qrtz_simple_triggers_ibfk_1` FOREIGN KEY (`sched_name`, `trigger_name`, `trigger_group`) REFERENCES `QRTZ_TRIGGERS` (`sched_name`, `trigger_name`, `trigger_group`) ON DELETE RESTRICT ON UPDATE RESTRICT
) ENGINE=InnoDB DEFAULT CHARSET=utf8mb4 COLLATE=utf8mb4_0900_ai_ci COMMENT='ç®€å•è§¦å‘å™¨çš„ä¿¡æ¯è¡¨';
/*!40101 SET character_set_client = @saved_cs_client */;

--
-- Dumping data for table `QRTZ_SIMPLE_TRIGGERS`
--

LOCK TABLES `QRTZ_SIMPLE_TRIGGERS` WRITE;
/*!40000 ALTER TABLE `QRTZ_SIMPLE_TRIGGERS` DISABLE KEYS */;
/*!40000 ALTER TABLE `QRTZ_SIMPLE_TRIGGERS` ENABLE KEYS */;
UNLOCK TABLES;

--
-- Table structure for table `QRTZ_SIMPROP_TRIGGERS`
--

DROP TABLE IF EXISTS `QRTZ_SIMPROP_TRIGGERS`;
/*!40101 SET @saved_cs_client     = @@character_set_client */;
/*!50503 SET character_set_client = utf8mb4 */;
CREATE TABLE `QRTZ_SIMPROP_TRIGGERS` (
  `sched_name` varchar(120) CHARACTER SET utf8mb4 COLLATE utf8mb4_0900_ai_ci NOT NULL COMMENT 'è°ƒåº¦åç§°',
  `trigger_name` varchar(200) CHARACTER SET utf8mb4 COLLATE utf8mb4_0900_ai_ci NOT NULL COMMENT 'qrtz_triggersè¡¨trigger_nameçš„å¤–é”®',
  `trigger_group` varchar(200) CHARACTER SET utf8mb4 COLLATE utf8mb4_0900_ai_ci NOT NULL COMMENT 'qrtz_triggersè¡¨trigger_groupçš„å¤–é”®',
  `str_prop_1` varchar(512) CHARACTER SET utf8mb4 COLLATE utf8mb4_0900_ai_ci DEFAULT NULL COMMENT 'Stringç±»å‹çš„triggerçš„ç¬¬ä¸€ä¸ªå‚æ•°',
  `str_prop_2` varchar(512) CHARACTER SET utf8mb4 COLLATE utf8mb4_0900_ai_ci DEFAULT NULL COMMENT 'Stringç±»å‹çš„triggerçš„ç¬¬äºŒä¸ªå‚æ•°',
  `str_prop_3` varchar(512) CHARACTER SET utf8mb4 COLLATE utf8mb4_0900_ai_ci DEFAULT NULL COMMENT 'Stringç±»å‹çš„triggerçš„ç¬¬ä¸‰ä¸ªå‚æ•°',
  `int_prop_1` int DEFAULT NULL COMMENT 'intç±»å‹çš„triggerçš„ç¬¬ä¸€ä¸ªå‚æ•°',
  `int_prop_2` int DEFAULT NULL COMMENT 'intç±»å‹çš„triggerçš„ç¬¬äºŒä¸ªå‚æ•°',
  `long_prop_1` bigint DEFAULT NULL COMMENT 'longç±»å‹çš„triggerçš„ç¬¬ä¸€ä¸ªå‚æ•°',
  `long_prop_2` bigint DEFAULT NULL COMMENT 'longç±»å‹çš„triggerçš„ç¬¬äºŒä¸ªå‚æ•°',
  `dec_prop_1` decimal(13,4) DEFAULT NULL COMMENT 'decimalç±»å‹çš„triggerçš„ç¬¬ä¸€ä¸ªå‚æ•°',
  `dec_prop_2` decimal(13,4) DEFAULT NULL COMMENT 'decimalç±»å‹çš„triggerçš„ç¬¬äºŒä¸ªå‚æ•°',
  `bool_prop_1` varchar(1) CHARACTER SET utf8mb4 COLLATE utf8mb4_0900_ai_ci DEFAULT NULL COMMENT 'Booleanç±»å‹çš„triggerçš„ç¬¬ä¸€ä¸ªå‚æ•°',
  `bool_prop_2` varchar(1) CHARACTER SET utf8mb4 COLLATE utf8mb4_0900_ai_ci DEFAULT NULL COMMENT 'Booleanç±»å‹çš„triggerçš„ç¬¬äºŒä¸ªå‚æ•°',
  PRIMARY KEY (`sched_name`,`trigger_name`,`trigger_group`) USING BTREE,
  CONSTRAINT `qrtz_simprop_triggers_ibfk_1` FOREIGN KEY (`sched_name`, `trigger_name`, `trigger_group`) REFERENCES `QRTZ_TRIGGERS` (`sched_name`, `trigger_name`, `trigger_group`) ON DELETE RESTRICT ON UPDATE RESTRICT
) ENGINE=InnoDB DEFAULT CHARSET=utf8mb4 COLLATE=utf8mb4_0900_ai_ci COMMENT='åŒæ­¥æœºåˆ¶çš„è¡Œé”è¡¨';
/*!40101 SET character_set_client = @saved_cs_client */;

--
-- Dumping data for table `QRTZ_SIMPROP_TRIGGERS`
--

LOCK TABLES `QRTZ_SIMPROP_TRIGGERS` WRITE;
/*!40000 ALTER TABLE `QRTZ_SIMPROP_TRIGGERS` DISABLE KEYS */;
/*!40000 ALTER TABLE `QRTZ_SIMPROP_TRIGGERS` ENABLE KEYS */;
UNLOCK TABLES;

--
-- Table structure for table `QRTZ_TRIGGERS`
--

DROP TABLE IF EXISTS `QRTZ_TRIGGERS`;
/*!40101 SET @saved_cs_client     = @@character_set_client */;
/*!50503 SET character_set_client = utf8mb4 */;
CREATE TABLE `QRTZ_TRIGGERS` (
  `sched_name` varchar(120) CHARACTER SET utf8mb4 COLLATE utf8mb4_0900_ai_ci NOT NULL COMMENT 'è°ƒåº¦åç§°',
  `trigger_name` varchar(200) CHARACTER SET utf8mb4 COLLATE utf8mb4_0900_ai_ci NOT NULL COMMENT 'è§¦å‘å™¨çš„åå­—',
  `trigger_group` varchar(200) CHARACTER SET utf8mb4 COLLATE utf8mb4_0900_ai_ci NOT NULL COMMENT 'è§¦å‘å™¨æ‰€å±ç»„çš„åå­—',
  `job_name` varchar(200) CHARACTER SET utf8mb4 COLLATE utf8mb4_0900_ai_ci NOT NULL COMMENT 'qrtz_job_detailsè¡¨job_nameçš„å¤–é”®',
  `job_group` varchar(200) CHARACTER SET utf8mb4 COLLATE utf8mb4_0900_ai_ci NOT NULL COMMENT 'qrtz_job_detailsè¡¨job_groupçš„å¤–é”®',
  `description` varchar(250) CHARACTER SET utf8mb4 COLLATE utf8mb4_0900_ai_ci DEFAULT NULL COMMENT 'ç›¸å…³ä»‹ç»',
  `next_fire_time` bigint DEFAULT NULL COMMENT 'ä¸Šä¸€æ¬¡è§¦å‘æ—¶é—´ï¼ˆæ¯«ç§’ï¼‰',
  `prev_fire_time` bigint DEFAULT NULL COMMENT 'ä¸‹ä¸€æ¬¡è§¦å‘æ—¶é—´ï¼ˆé»˜è®¤ä¸º-1è¡¨ç¤ºä¸è§¦å‘ï¼‰',
  `priority` int DEFAULT NULL COMMENT 'ä¼˜å…ˆçº§',
  `trigger_state` varchar(16) CHARACTER SET utf8mb4 COLLATE utf8mb4_0900_ai_ci NOT NULL COMMENT 'è§¦å‘å™¨çŠ¶æ€',
  `trigger_type` varchar(8) CHARACTER SET utf8mb4 COLLATE utf8mb4_0900_ai_ci NOT NULL COMMENT 'è§¦å‘å™¨çš„ç±»å‹',
  `start_time` bigint NOT NULL COMMENT 'å¼€å§‹æ—¶é—´',
  `end_time` bigint DEFAULT NULL COMMENT 'ç»“æŸæ—¶é—´',
  `calendar_name` varchar(200) CHARACTER SET utf8mb4 COLLATE utf8mb4_0900_ai_ci DEFAULT NULL COMMENT 'æ—¥ç¨‹è¡¨åç§°',
  `misfire_instr` smallint DEFAULT NULL COMMENT 'è¡¥å¿æ‰§è¡Œçš„ç­–ç•¥',
  `job_data` blob COMMENT 'å­˜æ”¾æŒä¹…åŒ–jobå¯¹è±¡',
  PRIMARY KEY (`sched_name`,`trigger_name`,`trigger_group`) USING BTREE,
  KEY `sched_name` (`sched_name`,`job_name`,`job_group`) USING BTREE,
  CONSTRAINT `qrtz_triggers_ibfk_1` FOREIGN KEY (`sched_name`, `job_name`, `job_group`) REFERENCES `QRTZ_JOB_DETAILS` (`sched_name`, `job_name`, `job_group`) ON DELETE RESTRICT ON UPDATE RESTRICT
) ENGINE=InnoDB DEFAULT CHARSET=utf8mb4 COLLATE=utf8mb4_0900_ai_ci COMMENT='è§¦å‘å™¨è¯¦ç»†ä¿¡æ¯è¡¨';
/*!40101 SET character_set_client = @saved_cs_client */;

--
-- Dumping data for table `QRTZ_TRIGGERS`
--

LOCK TABLES `QRTZ_TRIGGERS` WRITE;
/*!40000 ALTER TABLE `QRTZ_TRIGGERS` DISABLE KEYS */;
INSERT INTO `QRTZ_TRIGGERS` VALUES ('RuoyiScheduler','TASK_CLASS_NAME1','DEFAULT','TASK_CLASS_NAME1','DEFAULT',NULL,1645192970000,-1,5,'PAUSED','CRON',1645192964000,0,NULL,2,''),('RuoyiScheduler','TASK_CLASS_NAME2','DEFAULT','TASK_CLASS_NAME2','DEFAULT',NULL,1645192965000,-1,5,'PAUSED','CRON',1645192964000,0,NULL,2,''),('RuoyiScheduler','TASK_CLASS_NAME3','DEFAULT','TASK_CLASS_NAME3','DEFAULT',NULL,1645192980000,-1,5,'PAUSED','CRON',1645192964000,0,NULL,2,'');
/*!40000 ALTER TABLE `QRTZ_TRIGGERS` ENABLE KEYS */;
UNLOCK TABLES;

--
-- Table structure for table `registration_course`
--

DROP TABLE IF EXISTS `registration_course`;
/*!40101 SET @saved_cs_client     = @@character_set_client */;
/*!50503 SET character_set_client = utf8mb4 */;
CREATE TABLE `registration_course` (
  `id` int NOT NULL AUTO_INCREMENT COMMENT 'å‚æ•°ä¸»é”®',
  `course_name` varchar(100) CHARACTER SET utf8mb4 COLLATE utf8mb4_0900_ai_ci DEFAULT '' COMMENT 'è¯¾ç¨‹åç§°',
  `course_score` varchar(100) CHARACTER SET utf8mb4 COLLATE utf8mb4_0900_ai_ci DEFAULT '' COMMENT 'è¯¾ç¨‹å­¦åˆ†',
  `course_required` char(1) CHARACTER SET utf8mb4 COLLATE utf8mb4_0900_ai_ci DEFAULT '' COMMENT 'æ˜¯å¦æ˜¯å¿…ä¿®è¯¾ç¨‹ 0é€‰ä¿® 1å¿…ä¿®',
  `status` char(1) CHARACTER SET utf8mb4 COLLATE utf8mb4_0900_ai_ci DEFAULT 'N' COMMENT 'è¯¾ç¨‹çŠ¶æ€ï¼ˆ0æ­£å¸¸ 1åœç”¨ï¼‰',
  `create_by` varchar(64) CHARACTER SET utf8mb4 COLLATE utf8mb4_0900_ai_ci DEFAULT '' COMMENT 'åˆ›å»ºè€…',
  `create_time` datetime DEFAULT NULL COMMENT 'åˆ›å»ºæ—¶é—´',
  `update_by` varchar(64) CHARACTER SET utf8mb4 COLLATE utf8mb4_0900_ai_ci DEFAULT '' COMMENT 'æ›´æ–°è€…',
  `update_time` datetime DEFAULT NULL COMMENT 'æ›´æ–°æ—¶é—´',
  `remark` varchar(500) CHARACTER SET utf8mb4 COLLATE utf8mb4_0900_ai_ci DEFAULT NULL COMMENT 'å¤‡æ³¨',
  PRIMARY KEY (`id`) USING BTREE
) ENGINE=InnoDB AUTO_INCREMENT=102 DEFAULT CHARSET=utf8mb4 COLLATE=utf8mb4_0900_ai_ci COMMENT='æŠ¥åè¯¾ç¨‹è¡¨';
/*!40101 SET character_set_client = @saved_cs_client */;

--
-- Dumping data for table `registration_course`
--

LOCK TABLES `registration_course` WRITE;
/*!40000 ALTER TABLE `registration_course` DISABLE KEYS */;
INSERT INTO `registration_course` VALUES (100,'åŒ–å­¦','2','1','0','','2022-02-18 21:19:56','','2022-02-18 21:21:27','åŒ–å­¦è¯¾'),(101,'å¤ä»£éŸ³ä¹é‰´èµ','2','0','0','','2022-02-18 21:21:05','',NULL,'å¤ä»£éŸ³ä¹é‰´èµ');
/*!40000 ALTER TABLE `registration_course` ENABLE KEYS */;
UNLOCK TABLES;

--
-- Table structure for table `registration_user_course`
--

DROP TABLE IF EXISTS `registration_user_course`;
/*!40101 SET @saved_cs_client     = @@character_set_client */;
/*!50503 SET character_set_client = utf8mb4 */;
CREATE TABLE `registration_user_course` (
  `id` int NOT NULL AUTO_INCREMENT COMMENT 'å‚æ•°ä¸»é”®',
  `user_id` varchar(100) CHARACTER SET utf8mb4 COLLATE utf8mb4_0900_ai_ci DEFAULT '' COMMENT 'ç”¨æˆ·id',
  `course_id` varchar(100) CHARACTER SET utf8mb4 COLLATE utf8mb4_0900_ai_ci DEFAULT '' COMMENT 'è¯¾ç¨‹id',
  `registration_status` char(1) CHARACTER SET utf8mb4 COLLATE utf8mb4_0900_ai_ci DEFAULT '' COMMENT 'æŠ¥åçŠ¶æ€ 0æœªæŠ¥å 1å·²æŠ¥å',
  `create_by` varchar(64) CHARACTER SET utf8mb4 COLLATE utf8mb4_0900_ai_ci DEFAULT '' COMMENT 'åˆ›å»ºè€…',
  `create_time` datetime DEFAULT NULL COMMENT 'åˆ›å»ºæ—¶é—´',
  `update_by` varchar(64) CHARACTER SET utf8mb4 COLLATE utf8mb4_0900_ai_ci DEFAULT '' COMMENT 'æ›´æ–°è€…',
  `update_time` datetime DEFAULT NULL COMMENT 'æ›´æ–°æ—¶é—´',
  `remark` varchar(500) CHARACTER SET utf8mb4 COLLATE utf8mb4_0900_ai_ci DEFAULT NULL COMMENT 'å¤‡æ³¨',
  PRIMARY KEY (`id`) USING BTREE
) ENGINE=InnoDB AUTO_INCREMENT=100 DEFAULT CHARSET=utf8mb4 COLLATE=utf8mb4_0900_ai_ci COMMENT='å­¦ç”ŸæŠ¥åè¯¾ç¨‹è¡¨';
/*!40101 SET character_set_client = @saved_cs_client */;

--
-- Dumping data for table `registration_user_course`
--

LOCK TABLES `registration_user_course` WRITE;
/*!40000 ALTER TABLE `registration_user_course` DISABLE KEYS */;
/*!40000 ALTER TABLE `registration_user_course` ENABLE KEYS */;
UNLOCK TABLES;

--
-- Table structure for table `sys_config`
--

DROP TABLE IF EXISTS `sys_config`;
/*!40101 SET @saved_cs_client     = @@character_set_client */;
/*!50503 SET character_set_client = utf8mb4 */;
CREATE TABLE `sys_config` (
  `config_id` int NOT NULL AUTO_INCREMENT COMMENT 'å‚æ•°ä¸»é”®',
  `config_name` varchar(100) CHARACTER SET utf8mb4 COLLATE utf8mb4_0900_ai_ci DEFAULT '' COMMENT 'å‚æ•°åç§°',
  `config_key` varchar(100) CHARACTER SET utf8mb4 COLLATE utf8mb4_0900_ai_ci DEFAULT '' COMMENT 'å‚æ•°é”®å',
  `config_value` varchar(500) CHARACTER SET utf8mb4 COLLATE utf8mb4_0900_ai_ci DEFAULT '' COMMENT 'å‚æ•°é”®å€¼',
  `config_type` char(1) CHARACTER SET utf8mb4 COLLATE utf8mb4_0900_ai_ci DEFAULT 'N' COMMENT 'ç³»ç»Ÿå†…ç½®ï¼ˆYæ˜¯ Nå¦ï¼‰',
  `create_by` varchar(64) CHARACTER SET utf8mb4 COLLATE utf8mb4_0900_ai_ci DEFAULT '' COMMENT 'åˆ›å»ºè€…',
  `create_time` datetime DEFAULT NULL COMMENT 'åˆ›å»ºæ—¶é—´',
  `update_by` varchar(64) CHARACTER SET utf8mb4 COLLATE utf8mb4_0900_ai_ci DEFAULT '' COMMENT 'æ›´æ–°è€…',
  `update_time` datetime DEFAULT NULL COMMENT 'æ›´æ–°æ—¶é—´',
  `remark` varchar(500) CHARACTER SET utf8mb4 COLLATE utf8mb4_0900_ai_ci DEFAULT NULL COMMENT 'å¤‡æ³¨',
  PRIMARY KEY (`config_id`) USING BTREE
) ENGINE=InnoDB AUTO_INCREMENT=100 DEFAULT CHARSET=utf8mb4 COLLATE=utf8mb4_0900_ai_ci COMMENT='å‚æ•°é…ç½®è¡¨';
/*!40101 SET character_set_client = @saved_cs_client */;

--
-- Dumping data for table `sys_config`
--

LOCK TABLES `sys_config` WRITE;
/*!40000 ALTER TABLE `sys_config` DISABLE KEYS */;
INSERT INTO `sys_config` VALUES (1,'ä¸»æ¡†æ¶é¡µ-é»˜è®¤çš®è‚¤æ ·å¼åç§°','sys.index.skinName','skin-blue','Y','admin','2022-02-14 14:28:37','',NULL,'è“è‰² skin-blueã€ç»¿è‰² skin-greenã€ç´«è‰² skin-purpleã€çº¢è‰² skin-redã€é»„è‰² skin-yellow'),(2,'ç”¨æˆ·ç®¡ç†-è´¦å·åˆå§‹å¯†ç ','sys.user.initPassword','123456','Y','admin','2022-02-14 14:28:37','',NULL,'åˆå§‹åŒ–å¯†ç  123456'),(3,'ä¸»æ¡†æ¶é¡µ-ä¾§è¾¹æ ä¸»é¢˜','sys.index.sideTheme','theme-dark','Y','admin','2022-02-14 14:28:37','',NULL,'æ·±é»‘ä¸»é¢˜theme-darkï¼Œæµ…è‰²ä¸»é¢˜theme-lightï¼Œæ·±è“ä¸»é¢˜theme-blue'),(4,'è´¦å·è‡ªåŠ©-æ˜¯å¦å¼€å¯ç”¨æˆ·æ³¨å†ŒåŠŸèƒ½','sys.account.registerUser','true','Y','admin','2022-02-14 14:28:37','',NULL,'æ˜¯å¦å¼€å¯æ³¨å†Œç”¨æˆ·åŠŸèƒ½ï¼ˆtrueå¼€å¯ï¼Œfalseå…³é—­ï¼‰'),(5,'ç”¨æˆ·ç®¡ç†-å¯†ç å­—ç¬¦èŒƒå›´','sys.account.chrtype','0','Y','admin','2022-02-14 14:28:37','',NULL,'é»˜è®¤ä»»æ„å­—ç¬¦èŒƒå›´ï¼Œ0ä»»æ„ï¼ˆå¯†ç å¯ä»¥è¾“å…¥ä»»æ„å­—ç¬¦ï¼‰ï¼Œ1æ•°å­—ï¼ˆå¯†ç åªèƒ½ä¸º0-9æ•°å­—ï¼‰ï¼Œ2è‹±æ–‡å­—æ¯ï¼ˆå¯†ç åªèƒ½ä¸ºa-zå’ŒA-Zå­—æ¯ï¼‰ï¼Œ3å­—æ¯å’Œæ•°å­—ï¼ˆå¯†ç å¿…é¡»åŒ…å«å­—æ¯ï¼Œæ•°å­—ï¼‰,4å­—æ¯æ•°å­—å’Œç‰¹æ®Šå­—ç¬¦ï¼ˆç›®å‰æ”¯æŒçš„ç‰¹æ®Šå­—ç¬¦åŒ…æ‹¬ï¼š~!@#$%^&*()-=_+ï¼‰'),(6,'ç”¨æˆ·ç®¡ç†-åˆå§‹å¯†ç ä¿®æ”¹ç­–ç•¥','sys.account.initPasswordModify','0','Y','admin','2022-02-14 14:28:37','',NULL,'0ï¼šåˆå§‹å¯†ç ä¿®æ”¹ç­–ç•¥å…³é—­ï¼Œæ²¡æœ‰ä»»ä½•æç¤ºï¼Œ1ï¼šæé†’ç”¨æˆ·ï¼Œå¦‚æœæœªä¿®æ”¹åˆå§‹å¯†ç ï¼Œåˆ™åœ¨ç™»å½•æ—¶å°±ä¼šæé†’ä¿®æ”¹å¯†ç å¯¹è¯æ¡†'),(7,'ç”¨æˆ·ç®¡ç†-è´¦å·å¯†ç æ›´æ–°å‘¨æœŸ','sys.account.passwordValidateDays','0','Y','admin','2022-02-14 14:28:37','',NULL,'å¯†ç æ›´æ–°å‘¨æœŸï¼ˆå¡«å†™æ•°å­—ï¼Œæ•°æ®åˆå§‹åŒ–å€¼ä¸º0ä¸é™åˆ¶ï¼Œè‹¥ä¿®æ”¹å¿…é¡»ä¸ºå¤§äº0å°äº365çš„æ­£æ•´æ•°ï¼‰ï¼Œå¦‚æœè¶…è¿‡è¿™ä¸ªå‘¨æœŸç™»å½•ç³»ç»Ÿæ—¶ï¼Œåˆ™åœ¨ç™»å½•æ—¶å°±ä¼šæé†’ä¿®æ”¹å¯†ç å¯¹è¯æ¡†'),(8,'ä¸»æ¡†æ¶é¡µ-èœå•å¯¼èˆªæ˜¾ç¤ºé£æ ¼','sys.index.menuStyle','default','Y','admin','2022-02-14 14:28:37','',NULL,'èœå•å¯¼èˆªæ˜¾ç¤ºé£æ ¼ï¼ˆdefaultä¸ºå·¦ä¾§å¯¼èˆªèœå•ï¼Œtopnavä¸ºé¡¶éƒ¨å¯¼èˆªèœå•ï¼‰'),(9,'ä¸»æ¡†æ¶é¡µ-æ˜¯å¦å¼€å¯é¡µè„š','sys.index.footer','true','Y','admin','2022-02-14 14:28:37','',NULL,'æ˜¯å¦å¼€å¯åº•éƒ¨é¡µè„šæ˜¾ç¤ºï¼ˆtrueæ˜¾ç¤ºï¼Œfalseéšè—ï¼‰'),(10,'ä¸»æ¡†æ¶é¡µ-æ˜¯å¦å¼€å¯é¡µç­¾','sys.index.tagsView','true','Y','admin','2022-02-14 14:28:37','',NULL,'æ˜¯å¦å¼€å¯èœå•å¤šé¡µç­¾æ˜¾ç¤ºï¼ˆtrueæ˜¾ç¤ºï¼Œfalseéšè—ï¼‰');
/*!40000 ALTER TABLE `sys_config` ENABLE KEYS */;
UNLOCK TABLES;

--
-- Table structure for table `sys_dept`
--

DROP TABLE IF EXISTS `sys_dept`;
/*!40101 SET @saved_cs_client     = @@character_set_client */;
/*!50503 SET character_set_client = utf8mb4 */;
CREATE TABLE `sys_dept` (
  `dept_id` bigint NOT NULL AUTO_INCREMENT COMMENT 'éƒ¨é—¨id',
  `parent_id` bigint DEFAULT '0' COMMENT 'çˆ¶éƒ¨é—¨id',
  `ancestors` varchar(50) CHARACTER SET utf8mb4 COLLATE utf8mb4_0900_ai_ci DEFAULT '' COMMENT 'ç¥–çº§åˆ—è¡¨',
  `dept_name` varchar(30) CHARACTER SET utf8mb4 COLLATE utf8mb4_0900_ai_ci DEFAULT '' COMMENT 'éƒ¨é—¨åç§°',
  `order_num` int DEFAULT '0' COMMENT 'æ˜¾ç¤ºé¡ºåº',
  `leader` varchar(20) CHARACTER SET utf8mb4 COLLATE utf8mb4_0900_ai_ci DEFAULT NULL COMMENT 'è´Ÿè´£äºº',
  `phone` varchar(11) CHARACTER SET utf8mb4 COLLATE utf8mb4_0900_ai_ci DEFAULT NULL COMMENT 'è”ç³»ç”µè¯',
  `email` varchar(50) CHARACTER SET utf8mb4 COLLATE utf8mb4_0900_ai_ci DEFAULT NULL COMMENT 'é‚®ç®±',
  `status` char(1) CHARACTER SET utf8mb4 COLLATE utf8mb4_0900_ai_ci DEFAULT '0' COMMENT 'éƒ¨é—¨çŠ¶æ€ï¼ˆ0æ­£å¸¸ 1åœç”¨ï¼‰',
  `del_flag` char(1) CHARACTER SET utf8mb4 COLLATE utf8mb4_0900_ai_ci DEFAULT '0' COMMENT 'åˆ é™¤æ ‡å¿—ï¼ˆ0ä»£è¡¨å­˜åœ¨ 2ä»£è¡¨åˆ é™¤ï¼‰',
  `create_by` varchar(64) CHARACTER SET utf8mb4 COLLATE utf8mb4_0900_ai_ci DEFAULT '' COMMENT 'åˆ›å»ºè€…',
  `create_time` datetime DEFAULT NULL COMMENT 'åˆ›å»ºæ—¶é—´',
  `update_by` varchar(64) CHARACTER SET utf8mb4 COLLATE utf8mb4_0900_ai_ci DEFAULT '' COMMENT 'æ›´æ–°è€…',
  `update_time` datetime DEFAULT NULL COMMENT 'æ›´æ–°æ—¶é—´',
  PRIMARY KEY (`dept_id`) USING BTREE
) ENGINE=InnoDB AUTO_INCREMENT=200 DEFAULT CHARSET=utf8mb4 COLLATE=utf8mb4_0900_ai_ci COMMENT='éƒ¨é—¨è¡¨';
/*!40101 SET character_set_client = @saved_cs_client */;

--
-- Dumping data for table `sys_dept`
--

LOCK TABLES `sys_dept` WRITE;
/*!40000 ALTER TABLE `sys_dept` DISABLE KEYS */;
INSERT INTO `sys_dept` VALUES (100,0,'0','é½é²å·¥ä¸šå¤§å­¦',0,'å¼ ä¸‰ä¸°','15888888888','zhangsanfeng@qq.com','0','0','admin','2022-02-14 14:28:36','admin','2022-02-15 16:27:02'),(101,100,'0,100','è®¡ç®—æœºä¸è½¯ä»¶å­¦é™¢',1,'ä¿å²±å²©','15888888888','yudaiyan@qq.com','0','0','admin','2022-02-14 14:28:36','admin','2022-02-15 16:28:04'),(102,100,'0,100','åœŸæœ¨å·¥ç¨‹å­¦é™¢',2,'æ®·æ¢¨äº­','15888888888','ry@qq.com','0','0','admin','2022-02-14 14:28:36','admin','2022-02-15 16:28:38'),(103,101,'0,100,101','ç½‘ç»œå·¥ç¨‹',2,'è‹¥ä¾','15888888888','ry@qq.com','0','0','admin','2022-02-14 14:28:36','admin','2022-02-15 16:29:45'),(104,101,'0,100,101','è®¡ç®—æœºç§‘å­¦ä¸æŠ€æœ¯',1,'å¼ ä¸‰','15888888888','ry@qq.com','0','0','admin','2022-02-14 14:28:36','admin','2022-02-15 16:29:35'),(105,101,'0,100,101','è½¯ä»¶å·¥ç¨‹',3,'è‹¥ä¾','15888888888','ry@qq.com','0','0','admin','2022-02-14 14:28:36','admin','2022-02-15 16:29:52'),(106,101,'0,100,101','äº‘è®¡ç®—',4,'è‹¥ä¾','15888888888','ry@qq.com','0','0','admin','2022-02-14 14:28:36','admin','2022-02-15 16:29:59'),(107,101,'0,100,101','ç‰©è”ç½‘',5,'è‹¥ä¾','15888888888','ry@qq.com','0','0','admin','2022-02-14 14:28:36','admin','2022-02-15 16:30:05'),(108,102,'0,100,102','é“è·¯æ¡¥æ¢',1,'è‹¥ä¾','15888888888','ry@qq.com','0','0','admin','2022-02-14 14:28:36','admin','2022-02-15 16:30:55'),(109,102,'0,100,102','åœŸæœ¨å·¥ç¨‹',2,'è‹¥ä¾','15888888888','ry@qq.com','0','0','admin','2022-02-14 14:28:36','admin','2022-02-15 16:30:49');
/*!40000 ALTER TABLE `sys_dept` ENABLE KEYS */;
UNLOCK TABLES;

--
-- Table structure for table `sys_dict_data`
--

DROP TABLE IF EXISTS `sys_dict_data`;
/*!40101 SET @saved_cs_client     = @@character_set_client */;
/*!50503 SET character_set_client = utf8mb4 */;
CREATE TABLE `sys_dict_data` (
  `dict_code` bigint NOT NULL AUTO_INCREMENT COMMENT 'å­—å…¸ç¼–ç ',
  `dict_sort` int DEFAULT '0' COMMENT 'å­—å…¸æ’åº',
  `dict_label` varchar(100) CHARACTER SET utf8mb4 COLLATE utf8mb4_0900_ai_ci DEFAULT '' COMMENT 'å­—å…¸æ ‡ç­¾',
  `dict_value` varchar(100) CHARACTER SET utf8mb4 COLLATE utf8mb4_0900_ai_ci DEFAULT '' COMMENT 'å­—å…¸é”®å€¼',
  `dict_type` varchar(100) CHARACTER SET utf8mb4 COLLATE utf8mb4_0900_ai_ci DEFAULT '' COMMENT 'å­—å…¸ç±»å‹',
  `css_class` varchar(100) CHARACTER SET utf8mb4 COLLATE utf8mb4_0900_ai_ci DEFAULT NULL COMMENT 'æ ·å¼å±æ€§ï¼ˆå…¶ä»–æ ·å¼æ‰©å±•ï¼‰',
  `list_class` varchar(100) CHARACTER SET utf8mb4 COLLATE utf8mb4_0900_ai_ci DEFAULT NULL COMMENT 'è¡¨æ ¼å›æ˜¾æ ·å¼',
  `is_default` char(1) CHARACTER SET utf8mb4 COLLATE utf8mb4_0900_ai_ci DEFAULT 'N' COMMENT 'æ˜¯å¦é»˜è®¤ï¼ˆYæ˜¯ Nå¦ï¼‰',
  `status` char(1) CHARACTER SET utf8mb4 COLLATE utf8mb4_0900_ai_ci DEFAULT '0' COMMENT 'çŠ¶æ€ï¼ˆ0æ­£å¸¸ 1åœç”¨ï¼‰',
  `create_by` varchar(64) CHARACTER SET utf8mb4 COLLATE utf8mb4_0900_ai_ci DEFAULT '' COMMENT 'åˆ›å»ºè€…',
  `create_time` datetime DEFAULT NULL COMMENT 'åˆ›å»ºæ—¶é—´',
  `update_by` varchar(64) CHARACTER SET utf8mb4 COLLATE utf8mb4_0900_ai_ci DEFAULT '' COMMENT 'æ›´æ–°è€…',
  `update_time` datetime DEFAULT NULL COMMENT 'æ›´æ–°æ—¶é—´',
  `remark` varchar(500) CHARACTER SET utf8mb4 COLLATE utf8mb4_0900_ai_ci DEFAULT NULL COMMENT 'å¤‡æ³¨',
  PRIMARY KEY (`dict_code`) USING BTREE
) ENGINE=InnoDB AUTO_INCREMENT=100 DEFAULT CHARSET=utf8mb4 COLLATE=utf8mb4_0900_ai_ci COMMENT='å­—å…¸æ•°æ®è¡¨';
/*!40101 SET character_set_client = @saved_cs_client */;

--
-- Dumping data for table `sys_dict_data`
--

LOCK TABLES `sys_dict_data` WRITE;
/*!40000 ALTER TABLE `sys_dict_data` DISABLE KEYS */;
INSERT INTO `sys_dict_data` VALUES (1,1,'ç”·','0','sys_user_sex','','','Y','0','admin','2022-02-14 14:28:36','',NULL,'æ€§åˆ«ç”·'),(2,2,'å¥³','1','sys_user_sex','','','N','0','admin','2022-02-14 14:28:36','',NULL,'æ€§åˆ«å¥³'),(3,3,'æœªçŸ¥','2','sys_user_sex','','','N','0','admin','2022-02-14 14:28:36','',NULL,'æ€§åˆ«æœªçŸ¥'),(4,1,'æ˜¾ç¤º','0','sys_show_hide','','primary','Y','0','admin','2022-02-14 14:28:36','',NULL,'æ˜¾ç¤ºèœå•'),(5,2,'éšè—','1','sys_show_hide','','danger','N','0','admin','2022-02-14 14:28:36','',NULL,'éšè—èœå•'),(6,1,'æ­£å¸¸','0','sys_normal_disable','','primary','Y','0','admin','2022-02-14 14:28:36','',NULL,'æ­£å¸¸çŠ¶æ€'),(7,2,'åœç”¨','1','sys_normal_disable','','danger','N','0','admin','2022-02-14 14:28:36','',NULL,'åœç”¨çŠ¶æ€'),(8,1,'æ­£å¸¸','0','sys_job_status','','primary','Y','0','admin','2022-02-14 14:28:36','',NULL,'æ­£å¸¸çŠ¶æ€'),(9,2,'æš‚åœ','1','sys_job_status','','danger','N','0','admin','2022-02-14 14:28:36','',NULL,'åœç”¨çŠ¶æ€'),(10,1,'é»˜è®¤','DEFAULT','sys_job_group','','','Y','0','admin','2022-02-14 14:28:36','',NULL,'é»˜è®¤åˆ†ç»„'),(11,2,'ç³»ç»Ÿ','SYSTEM','sys_job_group','','','N','0','admin','2022-02-14 14:28:36','',NULL,'ç³»ç»Ÿåˆ†ç»„'),(12,1,'æ˜¯','Y','sys_yes_no','','primary','Y','0','admin','2022-02-14 14:28:36','',NULL,'ç³»ç»Ÿé»˜è®¤æ˜¯'),(13,2,'å¦','N','sys_yes_no','','danger','N','0','admin','2022-02-14 14:28:36','',NULL,'ç³»ç»Ÿé»˜è®¤å¦'),(14,1,'é€šçŸ¥','1','sys_notice_type','','warning','Y','0','admin','2022-02-14 14:28:36','',NULL,'é€šçŸ¥'),(15,2,'å…¬å‘Š','2','sys_notice_type','','success','N','0','admin','2022-02-14 14:28:36','',NULL,'å…¬å‘Š'),(16,1,'æ­£å¸¸','0','sys_notice_status','','primary','Y','0','admin','2022-02-14 14:28:36','',NULL,'æ­£å¸¸çŠ¶æ€'),(17,2,'å…³é—­','1','sys_notice_status','','danger','N','0','admin','2022-02-14 14:28:36','',NULL,'å…³é—­çŠ¶æ€'),(18,99,'å…¶ä»–','0','sys_oper_type','','info','N','0','admin','2022-02-14 14:28:36','',NULL,'å…¶ä»–æ“ä½œ'),(19,1,'æ–°å¢','1','sys_oper_type','','info','N','0','admin','2022-02-14 14:28:36','',NULL,'æ–°å¢æ“ä½œ'),(20,2,'ä¿®æ”¹','2','sys_oper_type','','info','N','0','admin','2022-02-14 14:28:36','',NULL,'ä¿®æ”¹æ“ä½œ'),(21,3,'åˆ é™¤','3','sys_oper_type','','danger','N','0','admin','2022-02-14 14:28:36','',NULL,'åˆ é™¤æ“ä½œ'),(22,4,'æˆæƒ','4','sys_oper_type','','primary','N','0','admin','2022-02-14 14:28:36','',NULL,'æˆæƒæ“ä½œ'),(23,5,'å¯¼å‡º','5','sys_oper_type','','warning','N','0','admin','2022-02-14 14:28:36','',NULL,'å¯¼å‡ºæ“ä½œ'),(24,6,'å¯¼å…¥','6','sys_oper_type','','warning','N','0','admin','2022-02-14 14:28:36','',NULL,'å¯¼å…¥æ“ä½œ'),(25,7,'å¼ºé€€','7','sys_oper_type','','danger','N','0','admin','2022-02-14 14:28:36','',NULL,'å¼ºé€€æ“ä½œ'),(26,8,'ç”Ÿæˆä»£ç ','8','sys_oper_type','','warning','N','0','admin','2022-02-14 14:28:36','',NULL,'ç”Ÿæˆæ“ä½œ'),(27,9,'æ¸…ç©ºæ•°æ®','9','sys_oper_type','','danger','N','0','admin','2022-02-14 14:28:36','',NULL,'æ¸…ç©ºæ“ä½œ'),(28,1,'æˆåŠŸ','0','sys_common_status','','primary','N','0','admin','2022-02-14 14:28:36','',NULL,'æ­£å¸¸çŠ¶æ€'),(29,2,'å¤±è´¥','1','sys_common_status','','danger','N','0','admin','2022-02-14 14:28:36','',NULL,'åœç”¨çŠ¶æ€');
/*!40000 ALTER TABLE `sys_dict_data` ENABLE KEYS */;
UNLOCK TABLES;

--
-- Table structure for table `sys_dict_type`
--

DROP TABLE IF EXISTS `sys_dict_type`;
/*!40101 SET @saved_cs_client     = @@character_set_client */;
/*!50503 SET character_set_client = utf8mb4 */;
CREATE TABLE `sys_dict_type` (
  `dict_id` bigint NOT NULL AUTO_INCREMENT COMMENT 'å­—å…¸ä¸»é”®',
  `dict_name` varchar(100) CHARACTER SET utf8mb4 COLLATE utf8mb4_0900_ai_ci DEFAULT '' COMMENT 'å­—å…¸åç§°',
  `dict_type` varchar(100) CHARACTER SET utf8mb4 COLLATE utf8mb4_0900_ai_ci DEFAULT '' COMMENT 'å­—å…¸ç±»å‹',
  `status` char(1) CHARACTER SET utf8mb4 COLLATE utf8mb4_0900_ai_ci DEFAULT '0' COMMENT 'çŠ¶æ€ï¼ˆ0æ­£å¸¸ 1åœç”¨ï¼‰',
  `create_by` varchar(64) CHARACTER SET utf8mb4 COLLATE utf8mb4_0900_ai_ci DEFAULT '' COMMENT 'åˆ›å»ºè€…',
  `create_time` datetime DEFAULT NULL COMMENT 'åˆ›å»ºæ—¶é—´',
  `update_by` varchar(64) CHARACTER SET utf8mb4 COLLATE utf8mb4_0900_ai_ci DEFAULT '' COMMENT 'æ›´æ–°è€…',
  `update_time` datetime DEFAULT NULL COMMENT 'æ›´æ–°æ—¶é—´',
  `remark` varchar(500) CHARACTER SET utf8mb4 COLLATE utf8mb4_0900_ai_ci DEFAULT NULL COMMENT 'å¤‡æ³¨',
  PRIMARY KEY (`dict_id`) USING BTREE,
  UNIQUE KEY `dict_type` (`dict_type`) USING BTREE
) ENGINE=InnoDB AUTO_INCREMENT=100 DEFAULT CHARSET=utf8mb4 COLLATE=utf8mb4_0900_ai_ci COMMENT='å­—å…¸ç±»å‹è¡¨';
/*!40101 SET character_set_client = @saved_cs_client */;

--
-- Dumping data for table `sys_dict_type`
--

LOCK TABLES `sys_dict_type` WRITE;
/*!40000 ALTER TABLE `sys_dict_type` DISABLE KEYS */;
INSERT INTO `sys_dict_type` VALUES (1,'ç”¨æˆ·æ€§åˆ«','sys_user_sex','0','admin','2022-02-14 14:28:36','',NULL,'ç”¨æˆ·æ€§åˆ«åˆ—è¡¨'),(2,'èœå•çŠ¶æ€','sys_show_hide','0','admin','2022-02-14 14:28:36','',NULL,'èœå•çŠ¶æ€åˆ—è¡¨'),(3,'ç³»ç»Ÿå¼€å…³','sys_normal_disable','0','admin','2022-02-14 14:28:36','',NULL,'ç³»ç»Ÿå¼€å…³åˆ—è¡¨'),(4,'ä»»åŠ¡çŠ¶æ€','sys_job_status','0','admin','2022-02-14 14:28:36','',NULL,'ä»»åŠ¡çŠ¶æ€åˆ—è¡¨'),(5,'ä»»åŠ¡åˆ†ç»„','sys_job_group','0','admin','2022-02-14 14:28:36','',NULL,'ä»»åŠ¡åˆ†ç»„åˆ—è¡¨'),(6,'ç³»ç»Ÿæ˜¯å¦','sys_yes_no','0','admin','2022-02-14 14:28:36','',NULL,'ç³»ç»Ÿæ˜¯å¦åˆ—è¡¨'),(7,'é€šçŸ¥ç±»å‹','sys_notice_type','0','admin','2022-02-14 14:28:36','',NULL,'é€šçŸ¥ç±»å‹åˆ—è¡¨'),(8,'é€šçŸ¥çŠ¶æ€','sys_notice_status','0','admin','2022-02-14 14:28:36','',NULL,'é€šçŸ¥çŠ¶æ€åˆ—è¡¨'),(9,'æ“ä½œç±»å‹','sys_oper_type','0','admin','2022-02-14 14:28:36','',NULL,'æ“ä½œç±»å‹åˆ—è¡¨'),(10,'ç³»ç»ŸçŠ¶æ€','sys_common_status','0','admin','2022-02-14 14:28:36','',NULL,'ç™»å½•çŠ¶æ€åˆ—è¡¨');
/*!40000 ALTER TABLE `sys_dict_type` ENABLE KEYS */;
UNLOCK TABLES;

--
-- Table structure for table `sys_job`
--

DROP TABLE IF EXISTS `sys_job`;
/*!40101 SET @saved_cs_client     = @@character_set_client */;
/*!50503 SET character_set_client = utf8mb4 */;
CREATE TABLE `sys_job` (
  `job_id` bigint NOT NULL AUTO_INCREMENT COMMENT 'ä»»åŠ¡ID',
  `job_name` varchar(64) CHARACTER SET utf8mb4 COLLATE utf8mb4_0900_ai_ci NOT NULL DEFAULT '' COMMENT 'ä»»åŠ¡åç§°',
  `job_group` varchar(64) CHARACTER SET utf8mb4 COLLATE utf8mb4_0900_ai_ci NOT NULL DEFAULT 'DEFAULT' COMMENT 'ä»»åŠ¡ç»„å',
  `invoke_target` varchar(500) CHARACTER SET utf8mb4 COLLATE utf8mb4_0900_ai_ci NOT NULL COMMENT 'è°ƒç”¨ç›®æ ‡å­—ç¬¦ä¸²',
  `cron_expression` varchar(255) CHARACTER SET utf8mb4 COLLATE utf8mb4_0900_ai_ci DEFAULT '' COMMENT 'cronæ‰§è¡Œè¡¨è¾¾å¼',
  `misfire_policy` varchar(20) CHARACTER SET utf8mb4 COLLATE utf8mb4_0900_ai_ci DEFAULT '3' COMMENT 'è®¡åˆ’æ‰§è¡Œé”™è¯¯ç­–ç•¥ï¼ˆ1ç«‹å³æ‰§è¡Œ 2æ‰§è¡Œä¸€æ¬¡ 3æ”¾å¼ƒæ‰§è¡Œï¼‰',
  `concurrent` char(1) CHARACTER SET utf8mb4 COLLATE utf8mb4_0900_ai_ci DEFAULT '1' COMMENT 'æ˜¯å¦å¹¶å‘æ‰§è¡Œï¼ˆ0å…è®¸ 1ç¦æ­¢ï¼‰',
  `status` char(1) CHARACTER SET utf8mb4 COLLATE utf8mb4_0900_ai_ci DEFAULT '0' COMMENT 'çŠ¶æ€ï¼ˆ0æ­£å¸¸ 1æš‚åœï¼‰',
  `create_by` varchar(64) CHARACTER SET utf8mb4 COLLATE utf8mb4_0900_ai_ci DEFAULT '' COMMENT 'åˆ›å»ºè€…',
  `create_time` datetime DEFAULT NULL COMMENT 'åˆ›å»ºæ—¶é—´',
  `update_by` varchar(64) CHARACTER SET utf8mb4 COLLATE utf8mb4_0900_ai_ci DEFAULT '' COMMENT 'æ›´æ–°è€…',
  `update_time` datetime DEFAULT NULL COMMENT 'æ›´æ–°æ—¶é—´',
  `remark` varchar(500) CHARACTER SET utf8mb4 COLLATE utf8mb4_0900_ai_ci DEFAULT '' COMMENT 'å¤‡æ³¨ä¿¡æ¯',
  PRIMARY KEY (`job_id`,`job_name`,`job_group`) USING BTREE
) ENGINE=InnoDB AUTO_INCREMENT=100 DEFAULT CHARSET=utf8mb4 COLLATE=utf8mb4_0900_ai_ci COMMENT='å®šæ—¶ä»»åŠ¡è°ƒåº¦è¡¨';
/*!40101 SET character_set_client = @saved_cs_client */;

--
-- Dumping data for table `sys_job`
--

LOCK TABLES `sys_job` WRITE;
/*!40000 ALTER TABLE `sys_job` DISABLE KEYS */;
INSERT INTO `sys_job` VALUES (1,'ç³»ç»Ÿé»˜è®¤ï¼ˆæ— å‚ï¼‰','DEFAULT','ryTask.ryNoParams','0/10 * * * * ?','3','1','1','admin','2022-02-14 14:28:37','',NULL,''),(2,'ç³»ç»Ÿé»˜è®¤ï¼ˆæœ‰å‚ï¼‰','DEFAULT','ryTask.ryParams(\'ry\')','0/15 * * * * ?','3','1','1','admin','2022-02-14 14:28:37','',NULL,''),(3,'ç³»ç»Ÿé»˜è®¤ï¼ˆå¤šå‚ï¼‰','DEFAULT','ryTask.ryMultipleParams(\'ry\', true, 2000L, 316.50D, 100)','0/20 * * * * ?','3','1','1','admin','2022-02-14 14:28:37','',NULL,'');
/*!40000 ALTER TABLE `sys_job` ENABLE KEYS */;
UNLOCK TABLES;

--
-- Table structure for table `sys_job_log`
--

DROP TABLE IF EXISTS `sys_job_log`;
/*!40101 SET @saved_cs_client     = @@character_set_client */;
/*!50503 SET character_set_client = utf8mb4 */;
CREATE TABLE `sys_job_log` (
  `job_log_id` bigint NOT NULL AUTO_INCREMENT COMMENT 'ä»»åŠ¡æ—¥å¿—ID',
  `job_name` varchar(64) CHARACTER SET utf8mb4 COLLATE utf8mb4_0900_ai_ci NOT NULL COMMENT 'ä»»åŠ¡åç§°',
  `job_group` varchar(64) CHARACTER SET utf8mb4 COLLATE utf8mb4_0900_ai_ci NOT NULL COMMENT 'ä»»åŠ¡ç»„å',
  `invoke_target` varchar(500) CHARACTER SET utf8mb4 COLLATE utf8mb4_0900_ai_ci NOT NULL COMMENT 'è°ƒç”¨ç›®æ ‡å­—ç¬¦ä¸²',
  `job_message` varchar(500) CHARACTER SET utf8mb4 COLLATE utf8mb4_0900_ai_ci DEFAULT NULL COMMENT 'æ—¥å¿—ä¿¡æ¯',
  `status` char(1) CHARACTER SET utf8mb4 COLLATE utf8mb4_0900_ai_ci DEFAULT '0' COMMENT 'æ‰§è¡ŒçŠ¶æ€ï¼ˆ0æ­£å¸¸ 1å¤±è´¥ï¼‰',
  `exception_info` varchar(2000) CHARACTER SET utf8mb4 COLLATE utf8mb4_0900_ai_ci DEFAULT '' COMMENT 'å¼‚å¸¸ä¿¡æ¯',
  `create_time` datetime DEFAULT NULL COMMENT 'åˆ›å»ºæ—¶é—´',
  PRIMARY KEY (`job_log_id`) USING BTREE
) ENGINE=InnoDB DEFAULT CHARSET=utf8mb4 COLLATE=utf8mb4_0900_ai_ci COMMENT='å®šæ—¶ä»»åŠ¡è°ƒåº¦æ—¥å¿—è¡¨';
/*!40101 SET character_set_client = @saved_cs_client */;

--
-- Dumping data for table `sys_job_log`
--

LOCK TABLES `sys_job_log` WRITE;
/*!40000 ALTER TABLE `sys_job_log` DISABLE KEYS */;
/*!40000 ALTER TABLE `sys_job_log` ENABLE KEYS */;
UNLOCK TABLES;

--
-- Table structure for table `sys_logininfor`
--

DROP TABLE IF EXISTS `sys_logininfor`;
/*!40101 SET @saved_cs_client     = @@character_set_client */;
/*!50503 SET character_set_client = utf8mb4 */;
CREATE TABLE `sys_logininfor` (
  `info_id` bigint NOT NULL AUTO_INCREMENT COMMENT 'è®¿é—®ID',
  `login_name` varchar(50) CHARACTER SET utf8mb4 COLLATE utf8mb4_0900_ai_ci DEFAULT '' COMMENT 'ç™»å½•è´¦å·',
  `ipaddr` varchar(128) CHARACTER SET utf8mb4 COLLATE utf8mb4_0900_ai_ci DEFAULT '' COMMENT 'ç™»å½•IPåœ°å€',
  `login_location` varchar(255) CHARACTER SET utf8mb4 COLLATE utf8mb4_0900_ai_ci DEFAULT '' COMMENT 'ç™»å½•åœ°ç‚¹',
  `browser` varchar(50) CHARACTER SET utf8mb4 COLLATE utf8mb4_0900_ai_ci DEFAULT '' COMMENT 'æµè§ˆå™¨ç±»å‹',
  `os` varchar(50) CHARACTER SET utf8mb4 COLLATE utf8mb4_0900_ai_ci DEFAULT '' COMMENT 'æ“ä½œç³»ç»Ÿ',
  `status` char(1) CHARACTER SET utf8mb4 COLLATE utf8mb4_0900_ai_ci DEFAULT '0' COMMENT 'ç™»å½•çŠ¶æ€ï¼ˆ0æˆåŠŸ 1å¤±è´¥ï¼‰',
  `msg` varchar(255) CHARACTER SET utf8mb4 COLLATE utf8mb4_0900_ai_ci DEFAULT '' COMMENT 'æç¤ºæ¶ˆæ¯',
  `login_time` datetime DEFAULT NULL COMMENT 'è®¿é—®æ—¶é—´',
  PRIMARY KEY (`info_id`) USING BTREE
) ENGINE=InnoDB AUTO_INCREMENT=171 DEFAULT CHARSET=utf8mb4 COLLATE=utf8mb4_0900_ai_ci COMMENT='ç³»ç»Ÿè®¿é—®è®°å½•';
/*!40101 SET character_set_client = @saved_cs_client */;

--
-- Dumping data for table `sys_logininfor`
--

LOCK TABLES `sys_logininfor` WRITE;
/*!40000 ALTER TABLE `sys_logininfor` DISABLE KEYS */;
INSERT INTO `sys_logininfor` VALUES (100,'admin','127.0.0.1','å†…ç½‘IP','Chrome 9','Mac OS X','0','ç™»å½•æˆåŠŸ','2022-02-14 15:13:53'),(101,'admin','127.0.0.1','å†…ç½‘IP','Chrome 9','Mac OS X','0','ç™»å½•æˆåŠŸ','2022-02-15 16:23:21'),(102,'admin','127.0.0.1','å†…ç½‘IP','Chrome 9','Mac OS X','0','ç™»å½•æˆåŠŸ','2022-02-15 16:35:51'),(103,'admin','127.0.0.1','å†…ç½‘IP','Chrome 9','Mac OS X','0','é€€å‡ºæˆåŠŸ','2022-02-15 16:45:43'),(104,'xuesheng_01','127.0.0.1','å†…ç½‘IP','Chrome 9','Mac OS X','0','ç™»å½•æˆåŠŸ','2022-02-15 16:45:56'),(105,'xuesheng_01','127.0.0.1','å†…ç½‘IP','Chrome 9','Mac OS X','0','é€€å‡ºæˆåŠŸ','2022-02-15 16:46:04'),(106,'admin','127.0.0.1','å†…ç½‘IP','Chrome 9','Mac OS X','0','ç™»å½•æˆåŠŸ','2022-02-15 16:50:51'),(107,'admin','127.0.0.1','å†…ç½‘IP','Chrome 9','Mac OS X','0','ç™»å½•æˆåŠŸ','2022-02-16 10:57:41'),(108,'admin','127.0.0.1','å†…ç½‘IP','Chrome 9','Mac OS X','0','ç™»å½•æˆåŠŸ','2022-02-16 11:25:54'),(109,'admin','127.0.0.1','å†…ç½‘IP','Chrome 9','Mac OS X','0','ç™»å½•æˆåŠŸ','2022-02-16 11:56:03'),(110,'admin','127.0.0.1','å†…ç½‘IP','Chrome 9','Mac OS X','0','ç™»å½•æˆåŠŸ','2022-02-16 12:37:42'),(111,'admin','127.0.0.1','å†…ç½‘IP','Chrome 9','Mac OS X','0','ç™»å½•æˆåŠŸ','2022-02-16 12:42:06'),(112,'admin','127.0.0.1','å†…ç½‘IP','Chrome 9','Mac OS X','0','ç™»å½•æˆåŠŸ','2022-02-16 15:46:02'),(113,'admin','127.0.0.1','å†…ç½‘IP','Chrome 9','Mac OS X','0','ç™»å½•æˆåŠŸ','2022-02-16 16:30:00'),(114,'admin','127.0.0.1','å†…ç½‘IP','Chrome 9','Mac OS X','0','ç™»å½•æˆåŠŸ','2022-02-16 16:46:54'),(115,'admin','127.0.0.1','å†…ç½‘IP','Chrome 9','Mac OS X','0','ç™»å½•æˆåŠŸ','2022-02-16 16:53:56'),(116,'admin','127.0.0.1','å†…ç½‘IP','Chrome 9','Mac OS X','0','é€€å‡ºæˆåŠŸ','2022-02-16 16:54:28'),(117,'xuesheng_01','127.0.0.1','å†…ç½‘IP','Chrome 9','Mac OS X','1','éªŒè¯ç é”™è¯¯','2022-02-16 16:54:36'),(118,'xuesheng_01','127.0.0.1','å†…ç½‘IP','Chrome 9','Mac OS X','0','ç™»å½•æˆåŠŸ','2022-02-16 16:54:41'),(119,'xuesheng_01','127.0.0.1','å†…ç½‘IP','Chrome 9','Mac OS X','0','é€€å‡ºæˆåŠŸ','2022-02-16 16:54:47'),(120,'ry','127.0.0.1','å†…ç½‘IP','Chrome 9','Mac OS X','1','å¯†ç è¾“å…¥é”™è¯¯1æ¬¡','2022-02-16 16:54:57'),(121,'ry','127.0.0.1','å†…ç½‘IP','Chrome 9','Mac OS X','1','éªŒè¯ç é”™è¯¯','2022-02-16 16:55:23'),(122,'ry','127.0.0.1','å†…ç½‘IP','Chrome 9','Mac OS X','1','å¯†ç è¾“å…¥é”™è¯¯2æ¬¡','2022-02-16 16:55:28'),(123,'ry','127.0.0.1','å†…ç½‘IP','Chrome 9','Mac OS X','0','ç™»å½•æˆåŠŸ','2022-02-16 16:56:22'),(124,'ry','127.0.0.1','å†…ç½‘IP','Chrome 9','Mac OS X','0','é€€å‡ºæˆåŠŸ','2022-02-16 17:00:04'),(125,'admin','127.0.0.1','å†…ç½‘IP','Chrome 9','Mac OS X','0','ç™»å½•æˆåŠŸ','2022-02-16 17:00:06'),(126,'admin','127.0.0.1','å†…ç½‘IP','Chrome 9','Mac OS X','0','ç™»å½•æˆåŠŸ','2022-02-16 17:08:14'),(127,'admin','127.0.0.1','å†…ç½‘IP','Chrome 9','Mac OS X','1','éªŒè¯ç é”™è¯¯','2022-02-16 17:34:18'),(128,'admin','127.0.0.1','å†…ç½‘IP','Chrome 9','Mac OS X','0','ç™»å½•æˆåŠŸ','2022-02-16 17:34:22'),(129,'admin','127.0.0.1','å†…ç½‘IP','Chrome 9','Mac OS X','0','ç™»å½•æˆåŠŸ','2022-02-16 17:34:27'),(130,'admin','127.0.0.1','å†…ç½‘IP','Chrome 9','Mac OS X','0','ç™»å½•æˆåŠŸ','2022-02-18 20:52:39'),(131,'admin','127.0.0.1','å†…ç½‘IP','Chrome 9','Mac OS X','0','ç™»å½•æˆåŠŸ','2022-02-18 21:19:02'),(132,'admin','127.0.0.1','å†…ç½‘IP','Chrome 9','Mac OS X','0','é€€å‡ºæˆåŠŸ','2022-02-18 21:24:31'),(133,'admin','127.0.0.1','å†…ç½‘IP','Chrome 9','Mac OS X','0','ç™»å½•æˆåŠŸ','2022-02-18 21:24:35'),(134,'admin','127.0.0.1','å†…ç½‘IP','Chrome 9','Mac OS X','0','é€€å‡ºæˆåŠŸ','2022-02-18 21:24:39'),(135,'xuesheng_01','127.0.0.1','å†…ç½‘IP','Chrome 9','Mac OS X','0','ç™»å½•æˆåŠŸ','2022-02-18 21:24:52'),(136,'xuesheng_01','127.0.0.1','å†…ç½‘IP','Chrome 9','Mac OS X','0','é€€å‡ºæˆåŠŸ','2022-02-18 21:25:34'),(137,'admin','127.0.0.1','å†…ç½‘IP','Chrome 9','Mac OS X','0','ç™»å½•æˆåŠŸ','2022-02-18 21:27:37'),(138,'admin','127.0.0.1','å†…ç½‘IP','Chrome 9','Mac OS X','0','é€€å‡ºæˆåŠŸ','2022-02-18 21:30:20'),(139,'teacher_01','127.0.0.1','å†…ç½‘IP','Chrome 9','Mac OS X','1','å¯†ç è¾“å…¥é”™è¯¯1æ¬¡','2022-02-18 21:31:50'),(140,'teacher_01','127.0.0.1','å†…ç½‘IP','Chrome 9','Mac OS X','1','å¯†ç è¾“å…¥é”™è¯¯2æ¬¡','2022-02-18 21:31:53'),(141,'teacher_01','127.0.0.1','å†…ç½‘IP','Chrome 9','Mac OS X','1','å¯†ç è¾“å…¥é”™è¯¯3æ¬¡','2022-02-18 21:31:59'),(142,'teacher_01','127.0.0.1','å†…ç½‘IP','Chrome 9','Mac OS X','1','éªŒè¯ç é”™è¯¯','2022-02-18 21:32:38'),(143,'teacher_01','127.0.0.1','å†…ç½‘IP','Chrome 9','Mac OS X','1','å¯†ç è¾“å…¥é”™è¯¯4æ¬¡','2022-02-18 21:32:42'),(144,'teacher_01','127.0.0.1','å†…ç½‘IP','Chrome 9','Mac OS X','1','éªŒè¯ç é”™è¯¯','2022-02-18 21:38:59'),(145,'teacher_01','127.0.0.1','å†…ç½‘IP','Chrome 9','Mac OS X','1','å¯†ç è¾“å…¥é”™è¯¯1æ¬¡','2022-02-18 21:39:02'),(146,'student_01','127.0.0.1','å†…ç½‘IP','Chrome 9','Mac OS X','1','å¯†ç è¾“å…¥é”™è¯¯1æ¬¡','2022-02-18 21:39:13'),(147,'admin','127.0.0.1','å†…ç½‘IP','Chrome 9','Mac OS X','0','ç™»å½•æˆåŠŸ','2022-02-18 21:39:52'),(148,'admin','127.0.0.1','å†…ç½‘IP','Chrome 9','Mac OS X','0','é€€å‡ºæˆåŠŸ','2022-02-18 21:40:31'),(149,'teacher_01','127.0.0.1','å†…ç½‘IP','Chrome 9','Mac OS X','0','ç™»å½•æˆåŠŸ','2022-02-18 21:40:41'),(150,'teacher_01','127.0.0.1','å†…ç½‘IP','Chrome 9','Mac OS X','0','é€€å‡ºæˆåŠŸ','2022-02-18 21:41:04'),(151,'student_01','127.0.0.1','å†…ç½‘IP','Chrome 9','Mac OS X','0','ç™»å½•æˆåŠŸ','2022-02-18 21:41:18'),(152,'student_01','127.0.0.1','å†…ç½‘IP','Chrome 9','Mac OS X','0','é€€å‡ºæˆåŠŸ','2022-02-18 21:41:45'),(153,'admin','127.0.0.1','å†…ç½‘IP','Chrome 9','Mac OS X','1','éªŒè¯ç é”™è¯¯','2022-02-18 21:41:53'),(154,'student_01','127.0.0.1','å†…ç½‘IP','Chrome 9','Mac OS X','0','ç™»å½•æˆåŠŸ','2022-02-18 21:42:06'),(155,'student_01','127.0.0.1','å†…ç½‘IP','Chrome 9','Mac OS X','0','é€€å‡ºæˆåŠŸ','2022-02-18 21:43:53'),(156,'admin','127.0.0.1','å†…ç½‘IP','Chrome 9','Mac OS X','0','ç™»å½•æˆåŠŸ','2022-02-18 21:43:57'),(157,'admin','127.0.0.1','å†…ç½‘IP','Chrome 9','Mac OS X','0','é€€å‡ºæˆåŠŸ','2022-02-18 21:44:31'),(158,'student_02','127.0.0.1','å†…ç½‘IP','Chrome 9','Mac OS X','0','æ³¨å†ŒæˆåŠŸ','2022-02-18 21:46:43'),(159,'admin','127.0.0.1','å†…ç½‘IP','Chrome 9','Mac OS X','0','ç™»å½•æˆåŠŸ','2022-02-18 21:46:51'),(160,'admin','127.0.0.1','å†…ç½‘IP','Chrome 9','Mac OS X','0','é€€å‡ºæˆåŠŸ','2022-02-18 21:47:30'),(161,'teacher_01','127.0.0.1','å†…ç½‘IP','Chrome 9','Mac OS X','0','ç™»å½•æˆåŠŸ','2022-02-18 21:47:51'),(162,'teacher_01','127.0.0.1','å†…ç½‘IP','Chrome 9','Mac OS X','0','é€€å‡ºæˆåŠŸ','2022-02-18 21:48:09'),(163,'student_01','127.0.0.1','å†…ç½‘IP','Chrome 9','Mac OS X','0','ç™»å½•æˆåŠŸ','2022-02-18 21:48:19'),(164,'student_01','127.0.0.1','å†…ç½‘IP','Chrome 9','Mac OS X','0','é€€å‡ºæˆåŠŸ','2022-02-18 21:48:27'),(165,'student_02','127.0.0.1','å†…ç½‘IP','Chrome 9','Mac OS X','0','ç™»å½•æˆåŠŸ','2022-02-18 21:48:37'),(166,'student_02','127.0.0.1','å†…ç½‘IP','Chrome 9','Mac OS X','0','é€€å‡ºæˆåŠŸ','2022-02-18 21:48:41'),(167,'admin','127.0.0.1','å†…ç½‘IP','Chrome 9','Mac OS X','0','ç™»å½•æˆåŠŸ','2022-02-18 21:48:45'),(168,'admin','127.0.0.1','å†…ç½‘IP','Chrome 9','Mac OS X','0','é€€å‡ºæˆåŠŸ','2022-02-18 21:49:08'),(169,'student_02','127.0.0.1','å†…ç½‘IP','Chrome 9','Mac OS X','0','ç™»å½•æˆåŠŸ','2022-02-18 21:49:18'),(170,'student_02','127.0.0.1','å†…ç½‘IP','Chrome 9','Mac OS X','0','é€€å‡ºæˆåŠŸ','2022-02-18 21:49:27');
/*!40000 ALTER TABLE `sys_logininfor` ENABLE KEYS */;
UNLOCK TABLES;

--
-- Table structure for table `sys_menu`
--

DROP TABLE IF EXISTS `sys_menu`;
/*!40101 SET @saved_cs_client     = @@character_set_client */;
/*!50503 SET character_set_client = utf8mb4 */;
CREATE TABLE `sys_menu` (
  `menu_id` bigint NOT NULL AUTO_INCREMENT COMMENT 'èœå•ID',
  `menu_name` varchar(50) CHARACTER SET utf8mb4 COLLATE utf8mb4_0900_ai_ci NOT NULL COMMENT 'èœå•åç§°',
  `parent_id` bigint DEFAULT '0' COMMENT 'çˆ¶èœå•ID',
  `order_num` int DEFAULT '0' COMMENT 'æ˜¾ç¤ºé¡ºåº',
  `url` varchar(200) CHARACTER SET utf8mb4 COLLATE utf8mb4_0900_ai_ci DEFAULT '#' COMMENT 'è¯·æ±‚åœ°å€',
  `target` varchar(20) CHARACTER SET utf8mb4 COLLATE utf8mb4_0900_ai_ci DEFAULT '' COMMENT 'æ‰“å¼€æ–¹å¼ï¼ˆmenuItemé¡µç­¾ menuBlankæ–°çª—å£ï¼‰',
  `menu_type` char(1) CHARACTER SET utf8mb4 COLLATE utf8mb4_0900_ai_ci DEFAULT '' COMMENT 'èœå•ç±»å‹ï¼ˆMç›®å½• Cèœå• FæŒ‰é’®ï¼‰',
  `visible` char(1) CHARACTER SET utf8mb4 COLLATE utf8mb4_0900_ai_ci DEFAULT '0' COMMENT 'èœå•çŠ¶æ€ï¼ˆ0æ˜¾ç¤º 1éšè—ï¼‰',
  `is_refresh` char(1) CHARACTER SET utf8mb4 COLLATE utf8mb4_0900_ai_ci DEFAULT '1' COMMENT 'æ˜¯å¦åˆ·æ–°ï¼ˆ0åˆ·æ–° 1ä¸åˆ·æ–°ï¼‰',
  `perms` varchar(100) CHARACTER SET utf8mb4 COLLATE utf8mb4_0900_ai_ci DEFAULT NULL COMMENT 'æƒé™æ ‡è¯†',
  `icon` varchar(100) CHARACTER SET utf8mb4 COLLATE utf8mb4_0900_ai_ci DEFAULT '#' COMMENT 'èœå•å›¾æ ‡',
  `create_by` varchar(64) CHARACTER SET utf8mb4 COLLATE utf8mb4_0900_ai_ci DEFAULT '' COMMENT 'åˆ›å»ºè€…',
  `create_time` datetime DEFAULT NULL COMMENT 'åˆ›å»ºæ—¶é—´',
  `update_by` varchar(64) CHARACTER SET utf8mb4 COLLATE utf8mb4_0900_ai_ci DEFAULT '' COMMENT 'æ›´æ–°è€…',
  `update_time` datetime DEFAULT NULL COMMENT 'æ›´æ–°æ—¶é—´',
  `remark` varchar(500) CHARACTER SET utf8mb4 COLLATE utf8mb4_0900_ai_ci DEFAULT '' COMMENT 'å¤‡æ³¨',
  PRIMARY KEY (`menu_id`) USING BTREE
) ENGINE=InnoDB AUTO_INCREMENT=2063 DEFAULT CHARSET=utf8mb4 COLLATE=utf8mb4_0900_ai_ci COMMENT='èœå•æƒé™è¡¨';
/*!40101 SET character_set_client = @saved_cs_client */;

--
-- Dumping data for table `sys_menu`
--

LOCK TABLES `sys_menu` WRITE;
/*!40000 ALTER TABLE `sys_menu` DISABLE KEYS */;
INSERT INTO `sys_menu` VALUES (1,'ç³»ç»Ÿç®¡ç†',0,1,'#','','M','0','1','','fa fa-gear','admin','2022-02-14 14:28:36','',NULL,'ç³»ç»Ÿç®¡ç†ç›®å½•'),(2,'ç³»ç»Ÿç›‘æ§',0,2,'#','','M','0','1','','fa fa-video-camera','admin','2022-02-14 14:28:36','',NULL,'ç³»ç»Ÿç›‘æ§ç›®å½•'),(3,'ç³»ç»Ÿå·¥å…·',0,3,'#','menuItem','M','1','1','','fa fa-bars','admin','2022-02-14 14:28:36','admin','2022-02-18 21:19:21','ç³»ç»Ÿå·¥å…·ç›®å½•'),(100,'ç”¨æˆ·ç®¡ç†',1,1,'/system/user','','C','0','1','system:user:view','fa fa-user-o','admin','2022-02-14 14:28:36','',NULL,'ç”¨æˆ·ç®¡ç†èœå•'),(101,'è§’è‰²ç®¡ç†',1,2,'/system/role','','C','0','1','system:role:view','fa fa-user-secret','admin','2022-02-14 14:28:36','',NULL,'è§’è‰²ç®¡ç†èœå•'),(102,'èœå•ç®¡ç†',1,3,'/system/menu','','C','0','1','system:menu:view','fa fa-th-list','admin','2022-02-14 14:28:36','',NULL,'èœå•ç®¡ç†èœå•'),(103,'ä¸“ä¸šç®¡ç†',1,4,'/system/dept','menuItem','C','0','1','system:dept:view','fa fa-outdent','admin','2022-02-14 14:28:36','admin','2022-02-16 11:00:14','éƒ¨é—¨ç®¡ç†èœå•'),(104,'å²—ä½ç®¡ç†',1,5,'/system/post','','C','0','1','system:post:view','fa fa-address-card-o','admin','2022-02-14 14:28:36','',NULL,'å²—ä½ç®¡ç†èœå•'),(105,'å­—å…¸ç®¡ç†',1,6,'/system/dict','','C','0','1','system:dict:view','fa fa-bookmark-o','admin','2022-02-14 14:28:36','',NULL,'å­—å…¸ç®¡ç†èœå•'),(106,'å‚æ•°è®¾ç½®',1,7,'/system/config','','C','0','1','system:config:view','fa fa-sun-o','admin','2022-02-14 14:28:36','',NULL,'å‚æ•°è®¾ç½®èœå•'),(107,'é€šçŸ¥å…¬å‘Š',1,8,'/system/notice','','C','0','1','system:notice:view','fa fa-bullhorn','admin','2022-02-14 14:28:36','',NULL,'é€šçŸ¥å…¬å‘Šèœå•'),(108,'æ—¥å¿—ç®¡ç†',1,9,'#','','M','0','1','','fa fa-pencil-square-o','admin','2022-02-14 14:28:36','',NULL,'æ—¥å¿—ç®¡ç†èœå•'),(109,'åœ¨çº¿ç”¨æˆ·',2,1,'/monitor/online','','C','0','1','monitor:online:view','fa fa-user-circle','admin','2022-02-14 14:28:36','',NULL,'åœ¨çº¿ç”¨æˆ·èœå•'),(110,'å®šæ—¶ä»»åŠ¡',2,2,'/monitor/job','','C','0','1','monitor:job:view','fa fa-tasks','admin','2022-02-14 14:28:36','',NULL,'å®šæ—¶ä»»åŠ¡èœå•'),(111,'æ•°æ®ç›‘æ§',2,3,'/monitor/data','','C','0','1','monitor:data:view','fa fa-bug','admin','2022-02-14 14:28:36','',NULL,'æ•°æ®ç›‘æ§èœå•'),(112,'æœåŠ¡ç›‘æ§',2,4,'/monitor/server','','C','0','1','monitor:server:view','fa fa-server','admin','2022-02-14 14:28:36','',NULL,'æœåŠ¡ç›‘æ§èœå•'),(113,'ç¼“å­˜ç›‘æ§',2,5,'/monitor/cache','','C','0','1','monitor:cache:view','fa fa-cube','admin','2022-02-14 14:28:36','',NULL,'ç¼“å­˜ç›‘æ§èœå•'),(114,'è¡¨å•æ„å»º',3,1,'/tool/build','','C','0','1','tool:build:view','fa fa-wpforms','admin','2022-02-14 14:28:36','',NULL,'è¡¨å•æ„å»ºèœå•'),(115,'ä»£ç ç”Ÿæˆ',3,2,'/tool/gen','','C','0','1','tool:gen:view','fa fa-code','admin','2022-02-14 14:28:36','',NULL,'ä»£ç ç”Ÿæˆèœå•'),(116,'ç³»ç»Ÿæ¥å£',3,3,'/tool/swagger','','C','0','1','tool:swagger:view','fa fa-gg','admin','2022-02-14 14:28:36','',NULL,'ç³»ç»Ÿæ¥å£èœå•'),(500,'æ“ä½œæ—¥å¿—',108,1,'/monitor/operlog','','C','0','1','monitor:operlog:view','fa fa-address-book','admin','2022-02-14 14:28:36','',NULL,'æ“ä½œæ—¥å¿—èœå•'),(501,'ç™»å½•æ—¥å¿—',108,2,'/monitor/logininfor','','C','0','1','monitor:logininfor:view','fa fa-file-image-o','admin','2022-02-14 14:28:36','',NULL,'ç™»å½•æ—¥å¿—èœå•'),(1000,'ç”¨æˆ·æŸ¥è¯¢',100,1,'#','','F','0','1','system:user:list','#','admin','2022-02-14 14:28:36','',NULL,''),(1001,'ç”¨æˆ·æ–°å¢',100,2,'#','','F','0','1','system:user:add','#','admin','2022-02-14 14:28:36','',NULL,''),(1002,'ç”¨æˆ·ä¿®æ”¹',100,3,'#','','F','0','1','system:user:edit','#','admin','2022-02-14 14:28:36','',NULL,''),(1003,'ç”¨æˆ·åˆ é™¤',100,4,'#','','F','0','1','system:user:remove','#','admin','2022-02-14 14:28:36','',NULL,''),(1004,'ç”¨æˆ·å¯¼å‡º',100,5,'#','','F','0','1','system:user:export','#','admin','2022-02-14 14:28:36','',NULL,''),(1005,'ç”¨æˆ·å¯¼å…¥',100,6,'#','','F','0','1','system:user:import','#','admin','2022-02-14 14:28:36','',NULL,''),(1006,'é‡ç½®å¯†ç ',100,7,'#','','F','0','1','system:user:resetPwd','#','admin','2022-02-14 14:28:36','',NULL,''),(1007,'è§’è‰²æŸ¥è¯¢',101,1,'#','','F','0','1','system:role:list','#','admin','2022-02-14 14:28:36','',NULL,''),(1008,'è§’è‰²æ–°å¢',101,2,'#','','F','0','1','system:role:add','#','admin','2022-02-14 14:28:36','',NULL,''),(1009,'è§’è‰²ä¿®æ”¹',101,3,'#','','F','0','1','system:role:edit','#','admin','2022-02-14 14:28:36','',NULL,''),(1010,'è§’è‰²åˆ é™¤',101,4,'#','','F','0','1','system:role:remove','#','admin','2022-02-14 14:28:36','',NULL,''),(1011,'è§’è‰²å¯¼å‡º',101,5,'#','','F','0','1','system:role:export','#','admin','2022-02-14 14:28:36','',NULL,''),(1012,'èœå•æŸ¥è¯¢',102,1,'#','','F','0','1','system:menu:list','#','admin','2022-02-14 14:28:36','',NULL,''),(1013,'èœå•æ–°å¢',102,2,'#','','F','0','1','system:menu:add','#','admin','2022-02-14 14:28:36','',NULL,''),(1014,'èœå•ä¿®æ”¹',102,3,'#','','F','0','1','system:menu:edit','#','admin','2022-02-14 14:28:36','',NULL,''),(1015,'èœå•åˆ é™¤',102,4,'#','','F','0','1','system:menu:remove','#','admin','2022-02-14 14:28:36','',NULL,''),(1016,'éƒ¨é—¨æŸ¥è¯¢',103,1,'#','','F','0','1','system:dept:list','#','admin','2022-02-14 14:28:36','',NULL,''),(1017,'éƒ¨é—¨æ–°å¢',103,2,'#','','F','0','1','system:dept:add','#','admin','2022-02-14 14:28:36','',NULL,''),(1018,'éƒ¨é—¨ä¿®æ”¹',103,3,'#','','F','0','1','system:dept:edit','#','admin','2022-02-14 14:28:36','',NULL,''),(1019,'éƒ¨é—¨åˆ é™¤',103,4,'#','','F','0','1','system:dept:remove','#','admin','2022-02-14 14:28:36','',NULL,''),(1020,'å²—ä½æŸ¥è¯¢',104,1,'#','','F','0','1','system:post:list','#','admin','2022-02-14 14:28:36','',NULL,''),(1021,'å²—ä½æ–°å¢',104,2,'#','','F','0','1','system:post:add','#','admin','2022-02-14 14:28:36','',NULL,''),(1022,'å²—ä½ä¿®æ”¹',104,3,'#','','F','0','1','system:post:edit','#','admin','2022-02-14 14:28:36','',NULL,''),(1023,'å²—ä½åˆ é™¤',104,4,'#','','F','0','1','system:post:remove','#','admin','2022-02-14 14:28:36','',NULL,''),(1024,'å²—ä½å¯¼å‡º',104,5,'#','','F','0','1','system:post:export','#','admin','2022-02-14 14:28:36','',NULL,''),(1025,'å­—å…¸æŸ¥è¯¢',105,1,'#','','F','0','1','system:dict:list','#','admin','2022-02-14 14:28:36','',NULL,''),(1026,'å­—å…¸æ–°å¢',105,2,'#','','F','0','1','system:dict:add','#','admin','2022-02-14 14:28:36','',NULL,''),(1027,'å­—å…¸ä¿®æ”¹',105,3,'#','','F','0','1','system:dict:edit','#','admin','2022-02-14 14:28:36','',NULL,''),(1028,'å­—å…¸åˆ é™¤',105,4,'#','','F','0','1','system:dict:remove','#','admin','2022-02-14 14:28:36','',NULL,''),(1029,'å­—å…¸å¯¼å‡º',105,5,'#','','F','0','1','system:dict:export','#','admin','2022-02-14 14:28:36','',NULL,''),(1030,'å‚æ•°æŸ¥è¯¢',106,1,'#','','F','0','1','system:config:list','#','admin','2022-02-14 14:28:36','',NULL,''),(1031,'å‚æ•°æ–°å¢',106,2,'#','','F','0','1','system:config:add','#','admin','2022-02-14 14:28:36','',NULL,''),(1032,'å‚æ•°ä¿®æ”¹',106,3,'#','','F','0','1','system:config:edit','#','admin','2022-02-14 14:28:36','',NULL,''),(1033,'å‚æ•°åˆ é™¤',106,4,'#','','F','0','1','system:config:remove','#','admin','2022-02-14 14:28:36','',NULL,''),(1034,'å‚æ•°å¯¼å‡º',106,5,'#','','F','0','1','system:config:export','#','admin','2022-02-14 14:28:36','',NULL,''),(1035,'å…¬å‘ŠæŸ¥è¯¢',107,1,'#','','F','0','1','system:notice:list','#','admin','2022-02-14 14:28:36','',NULL,''),(1036,'å…¬å‘Šæ–°å¢',107,2,'#','','F','0','1','system:notice:add','#','admin','2022-02-14 14:28:36','',NULL,''),(1037,'å…¬å‘Šä¿®æ”¹',107,3,'#','','F','0','1','system:notice:edit','#','admin','2022-02-14 14:28:36','',NULL,''),(1038,'å…¬å‘Šåˆ é™¤',107,4,'#','','F','0','1','system:notice:remove','#','admin','2022-02-14 14:28:36','',NULL,''),(1039,'æ“ä½œæŸ¥è¯¢',500,1,'#','','F','0','1','monitor:operlog:list','#','admin','2022-02-14 14:28:36','',NULL,''),(1040,'æ“ä½œåˆ é™¤',500,2,'#','','F','0','1','monitor:operlog:remove','#','admin','2022-02-14 14:28:36','',NULL,''),(1041,'è¯¦ç»†ä¿¡æ¯',500,3,'#','','F','0','1','monitor:operlog:detail','#','admin','2022-02-14 14:28:36','',NULL,''),(1042,'æ—¥å¿—å¯¼å‡º',500,4,'#','','F','0','1','monitor:operlog:export','#','admin','2022-02-14 14:28:36','',NULL,''),(1043,'ç™»å½•æŸ¥è¯¢',501,1,'#','','F','0','1','monitor:logininfor:list','#','admin','2022-02-14 14:28:36','',NULL,''),(1044,'ç™»å½•åˆ é™¤',501,2,'#','','F','0','1','monitor:logininfor:remove','#','admin','2022-02-14 14:28:36','',NULL,''),(1045,'æ—¥å¿—å¯¼å‡º',501,3,'#','','F','0','1','monitor:logininfor:export','#','admin','2022-02-14 14:28:36','',NULL,''),(1046,'è´¦æˆ·è§£é”',501,4,'#','','F','0','1','monitor:logininfor:unlock','#','admin','2022-02-14 14:28:36','',NULL,''),(1047,'åœ¨çº¿æŸ¥è¯¢',109,1,'#','','F','0','1','monitor:online:list','#','admin','2022-02-14 14:28:36','',NULL,''),(1048,'æ‰¹é‡å¼ºé€€',109,2,'#','','F','0','1','monitor:online:batchForceLogout','#','admin','2022-02-14 14:28:36','',NULL,''),(1049,'å•æ¡å¼ºé€€',109,3,'#','','F','0','1','monitor:online:forceLogout','#','admin','2022-02-14 14:28:36','',NULL,''),(1050,'ä»»åŠ¡æŸ¥è¯¢',110,1,'#','','F','0','1','monitor:job:list','#','admin','2022-02-14 14:28:36','',NULL,''),(1051,'ä»»åŠ¡æ–°å¢',110,2,'#','','F','0','1','monitor:job:add','#','admin','2022-02-14 14:28:36','',NULL,''),(1052,'ä»»åŠ¡ä¿®æ”¹',110,3,'#','','F','0','1','monitor:job:edit','#','admin','2022-02-14 14:28:36','',NULL,''),(1053,'ä»»åŠ¡åˆ é™¤',110,4,'#','','F','0','1','monitor:job:remove','#','admin','2022-02-14 14:28:36','',NULL,''),(1054,'çŠ¶æ€ä¿®æ”¹',110,5,'#','','F','0','1','monitor:job:changeStatus','#','admin','2022-02-14 14:28:36','',NULL,''),(1055,'ä»»åŠ¡è¯¦ç»†',110,6,'#','','F','0','1','monitor:job:detail','#','admin','2022-02-14 14:28:36','',NULL,''),(1056,'ä»»åŠ¡å¯¼å‡º',110,7,'#','','F','0','1','monitor:job:export','#','admin','2022-02-14 14:28:36','',NULL,''),(1057,'ç”ŸæˆæŸ¥è¯¢',115,1,'#','','F','0','1','tool:gen:list','#','admin','2022-02-14 14:28:36','',NULL,''),(1058,'ç”Ÿæˆä¿®æ”¹',115,2,'#','','F','0','1','tool:gen:edit','#','admin','2022-02-14 14:28:36','',NULL,''),(1059,'ç”Ÿæˆåˆ é™¤',115,3,'#','','F','0','1','tool:gen:remove','#','admin','2022-02-14 14:28:36','',NULL,''),(1060,'é¢„è§ˆä»£ç ',115,4,'#','','F','0','1','tool:gen:preview','#','admin','2022-02-14 14:28:36','',NULL,''),(1061,'ç”Ÿæˆä»£ç ',115,5,'#','','F','0','1','tool:gen:code','#','admin','2022-02-14 14:28:36','',NULL,''),(2046,'è¯¾ç¨‹ç®¡ç†',0,1,'#','menuItem','M','0','1','','fa fa-sticky-note','admin','2022-02-16 12:50:14','admin','2022-02-16 12:50:57',''),(2047,'æŠ¥åç®¡ç†',0,1,'#','menuItem','M','0','1',NULL,'fa fa-address-book-o','admin','2022-02-16 12:51:22','',NULL,''),(2048,'è¯¾ç¨‹ç®¡ç†',2046,1,'/system/course','menuItem','C','0','1','system:course:view','#','admin','2022-02-16 12:54:59','admin','2022-02-16 16:31:04','æŠ¥åè¯¾ç¨‹èœå•'),(2049,'æŠ¥åè¯¾ç¨‹æŸ¥è¯¢',2048,1,'#','','F','0','1','system:course:list','#','admin','2022-02-16 12:54:59','',NULL,''),(2050,'æŠ¥åè¯¾ç¨‹æ–°å¢',2048,2,'#','','F','0','1','system:course:add','#','admin','2022-02-16 12:54:59','',NULL,''),(2051,'æŠ¥åè¯¾ç¨‹ä¿®æ”¹',2048,3,'#','','F','0','1','system:course:edit','#','admin','2022-02-16 12:54:59','',NULL,''),(2052,'æŠ¥åè¯¾ç¨‹åˆ é™¤',2048,4,'#','','F','0','1','system:course:remove','#','admin','2022-02-16 12:54:59','',NULL,''),(2053,'æŠ¥åè¯¾ç¨‹å¯¼å‡º',2048,5,'#','','F','0','1','system:course:export','#','admin','2022-02-16 12:54:59','',NULL,''),(2054,'å­¦ç”ŸæŠ¥åç®¡ç†',2047,1,'/system/userCourse','menuItem','C','0','1','system:userCourse:view','#','admin','2022-02-16 12:55:23','admin','2022-02-16 16:31:22','å­¦ç”ŸæŠ¥åè¯¾ç¨‹èœå•'),(2055,'å­¦ç”ŸæŠ¥åè¯¾ç¨‹æŸ¥è¯¢',2054,1,'#','','F','0','1','system:userCourse:list','#','admin','2022-02-16 12:55:23','',NULL,''),(2056,'å­¦ç”ŸæŠ¥åè¯¾ç¨‹æ–°å¢',2054,2,'#','','F','0','1','system:userCourse:add','#','admin','2022-02-16 12:55:23','',NULL,''),(2057,'å­¦ç”ŸæŠ¥åè¯¾ç¨‹ä¿®æ”¹',2054,3,'#','','F','0','1','system:userCourse:edit','#','admin','2022-02-16 12:55:23','',NULL,''),(2058,'å­¦ç”ŸæŠ¥åè¯¾ç¨‹åˆ é™¤',2054,4,'#','','F','0','1','system:userCourse:remove','#','admin','2022-02-16 12:55:23','',NULL,''),(2059,'å­¦ç”ŸæŠ¥åè¯¾ç¨‹å¯¼å‡º',2054,5,'#','','F','0','1','system:userCourse:export','#','admin','2022-02-16 12:55:23','',NULL,''),(2060,'æŠ¥åé€‰è¯¾',0,1,'#','menuItem','M','0','1',NULL,'fa fa-graduation-cap','admin','2022-02-16 16:34:14','',NULL,''),(2061,'æˆ‘è¦æŠ¥å',2060,1,'/system/userCourse/signUpCourse','menuItem','C','0','1','system:signUpCourse:view','fa fa-address-book','admin','2022-02-16 16:35:33','admin','2022-02-16 17:09:24',''),(2062,'æˆ‘çš„é€‰è¯¾',2060,2,'#','menuItem','C','0','1',NULL,'fa fa-address-card','admin','2022-02-16 16:36:42','',NULL,'');
/*!40000 ALTER TABLE `sys_menu` ENABLE KEYS */;
UNLOCK TABLES;

--
-- Table structure for table `sys_notice`
--

DROP TABLE IF EXISTS `sys_notice`;
/*!40101 SET @saved_cs_client     = @@character_set_client */;
/*!50503 SET character_set_client = utf8mb4 */;
CREATE TABLE `sys_notice` (
  `notice_id` int NOT NULL AUTO_INCREMENT COMMENT 'å…¬å‘ŠID',
  `notice_title` varchar(50) CHARACTER SET utf8mb4 COLLATE utf8mb4_0900_ai_ci NOT NULL COMMENT 'å…¬å‘Šæ ‡é¢˜',
  `notice_type` char(1) CHARACTER SET utf8mb4 COLLATE utf8mb4_0900_ai_ci NOT NULL COMMENT 'å…¬å‘Šç±»å‹ï¼ˆ1é€šçŸ¥ 2å…¬å‘Šï¼‰',
  `notice_content` varchar(2000) CHARACTER SET utf8mb4 COLLATE utf8mb4_0900_ai_ci DEFAULT NULL COMMENT 'å…¬å‘Šå†…å®¹',
  `status` char(1) CHARACTER SET utf8mb4 COLLATE utf8mb4_0900_ai_ci DEFAULT '0' COMMENT 'å…¬å‘ŠçŠ¶æ€ï¼ˆ0æ­£å¸¸ 1å…³é—­ï¼‰',
  `create_by` varchar(64) CHARACTER SET utf8mb4 COLLATE utf8mb4_0900_ai_ci DEFAULT '' COMMENT 'åˆ›å»ºè€…',
  `create_time` datetime DEFAULT NULL COMMENT 'åˆ›å»ºæ—¶é—´',
  `update_by` varchar(64) CHARACTER SET utf8mb4 COLLATE utf8mb4_0900_ai_ci DEFAULT '' COMMENT 'æ›´æ–°è€…',
  `update_time` datetime DEFAULT NULL COMMENT 'æ›´æ–°æ—¶é—´',
  `remark` varchar(255) CHARACTER SET utf8mb4 COLLATE utf8mb4_0900_ai_ci DEFAULT NULL COMMENT 'å¤‡æ³¨',
  PRIMARY KEY (`notice_id`) USING BTREE
) ENGINE=InnoDB AUTO_INCREMENT=10 DEFAULT CHARSET=utf8mb4 COLLATE=utf8mb4_0900_ai_ci COMMENT='é€šçŸ¥å…¬å‘Šè¡¨';
/*!40101 SET character_set_client = @saved_cs_client */;

--
-- Dumping data for table `sys_notice`
--

LOCK TABLES `sys_notice` WRITE;
/*!40000 ALTER TABLE `sys_notice` DISABLE KEYS */;
INSERT INTO `sys_notice` VALUES (1,'æ¸©é¦¨æé†’ï¼š2018-07-01 è‹¥ä¾æ–°ç‰ˆæœ¬å‘å¸ƒå•¦','2','æ–°ç‰ˆæœ¬å†…å®¹','0','admin','2022-02-14 14:28:37','',NULL,'ç®¡ç†å‘˜'),(2,'ç»´æŠ¤é€šçŸ¥ï¼š2018-07-01 è‹¥ä¾ç³»ç»Ÿå‡Œæ™¨ç»´æŠ¤','1','ç»´æŠ¤å†…å®¹','0','admin','2022-02-14 14:28:37','',NULL,'ç®¡ç†å‘˜');
/*!40000 ALTER TABLE `sys_notice` ENABLE KEYS */;
UNLOCK TABLES;

--
-- Table structure for table `sys_oper_log`
--

DROP TABLE IF EXISTS `sys_oper_log`;
/*!40101 SET @saved_cs_client     = @@character_set_client */;
/*!50503 SET character_set_client = utf8mb4 */;
CREATE TABLE `sys_oper_log` (
  `oper_id` bigint NOT NULL AUTO_INCREMENT COMMENT 'æ—¥å¿—ä¸»é”®',
  `title` varchar(50) CHARACTER SET utf8mb4 COLLATE utf8mb4_0900_ai_ci DEFAULT '' COMMENT 'æ¨¡å—æ ‡é¢˜',
  `business_type` int DEFAULT '0' COMMENT 'ä¸šåŠ¡ç±»å‹ï¼ˆ0å…¶å®ƒ 1æ–°å¢ 2ä¿®æ”¹ 3åˆ é™¤ï¼‰',
  `method` varchar(100) CHARACTER SET utf8mb4 COLLATE utf8mb4_0900_ai_ci DEFAULT '' COMMENT 'æ–¹æ³•åç§°',
  `request_method` varchar(10) CHARACTER SET utf8mb4 COLLATE utf8mb4_0900_ai_ci DEFAULT '' COMMENT 'è¯·æ±‚æ–¹å¼',
  `operator_type` int DEFAULT '0' COMMENT 'æ“ä½œç±»åˆ«ï¼ˆ0å…¶å®ƒ 1åå°ç”¨æˆ· 2æ‰‹æœºç«¯ç”¨æˆ·ï¼‰',
  `oper_name` varchar(50) CHARACTER SET utf8mb4 COLLATE utf8mb4_0900_ai_ci DEFAULT '' COMMENT 'æ“ä½œäººå‘˜',
  `dept_name` varchar(50) CHARACTER SET utf8mb4 COLLATE utf8mb4_0900_ai_ci DEFAULT '' COMMENT 'éƒ¨é—¨åç§°',
  `oper_url` varchar(255) CHARACTER SET utf8mb4 COLLATE utf8mb4_0900_ai_ci DEFAULT '' COMMENT 'è¯·æ±‚URL',
  `oper_ip` varchar(128) CHARACTER SET utf8mb4 COLLATE utf8mb4_0900_ai_ci DEFAULT '' COMMENT 'ä¸»æœºåœ°å€',
  `oper_location` varchar(255) CHARACTER SET utf8mb4 COLLATE utf8mb4_0900_ai_ci DEFAULT '' COMMENT 'æ“ä½œåœ°ç‚¹',
  `oper_param` varchar(2000) CHARACTER SET utf8mb4 COLLATE utf8mb4_0900_ai_ci DEFAULT '' COMMENT 'è¯·æ±‚å‚æ•°',
  `json_result` varchar(2000) CHARACTER SET utf8mb4 COLLATE utf8mb4_0900_ai_ci DEFAULT '' COMMENT 'è¿”å›å‚æ•°',
  `status` int DEFAULT '0' COMMENT 'æ“ä½œçŠ¶æ€ï¼ˆ0æ­£å¸¸ 1å¼‚å¸¸ï¼‰',
  `error_msg` varchar(2000) CHARACTER SET utf8mb4 COLLATE utf8mb4_0900_ai_ci DEFAULT '' COMMENT 'é”™è¯¯æ¶ˆæ¯',
  `oper_time` datetime DEFAULT NULL COMMENT 'æ“ä½œæ—¶é—´',
  PRIMARY KEY (`oper_id`) USING BTREE
) ENGINE=InnoDB AUTO_INCREMENT=179 DEFAULT CHARSET=utf8mb4 COLLATE=utf8mb4_0900_ai_ci COMMENT='æ“ä½œæ—¥å¿—è®°å½•';
/*!40101 SET character_set_client = @saved_cs_client */;

--
-- Dumping data for table `sys_oper_log`
--

LOCK TABLES `sys_oper_log` WRITE;
/*!40000 ALTER TABLE `sys_oper_log` DISABLE KEYS */;
INSERT INTO `sys_oper_log` VALUES (100,'èœå•ç®¡ç†',1,'com.ruoyi.web.controller.system.SysMenuController.addSave()','POST',1,'admin','ç ”å‘éƒ¨é—¨','/system/menu/add','127.0.0.1','å†…ç½‘IP','{\"parentId\":[\"0\"],\"menuType\":[\"M\"],\"menuName\":[\"å­¦ç”Ÿå¹²éƒ¨ç®¡ç†\"],\"url\":[\"\"],\"target\":[\"menuItem\"],\"perms\":[\"\"],\"orderNum\":[\"1\"],\"icon\":[\"fa fa-address-book\"],\"visible\":[\"0\"],\"isRefresh\":[\"1\"]}','{\"msg\":\"æ“ä½œæˆåŠŸ\",\"code\":0}',0,NULL,'2022-02-14 15:16:22'),(101,'éƒ¨é—¨ç®¡ç†',2,'com.ruoyi.web.controller.system.SysDeptController.editSave()','POST',1,'admin','ç ”å‘éƒ¨é—¨','/system/dept/edit','127.0.0.1','å†…ç½‘IP','{\"deptId\":[\"100\"],\"parentId\":[\"0\"],\"parentName\":[\"æ— \"],\"deptName\":[\"é½é²å·¥ä¸šå¤§å­¦\"],\"orderNum\":[\"0\"],\"leader\":[\"å¼ ä¸‰ä¸°\"],\"phone\":[\"15888888888\"],\"email\":[\"zhangsanfeng@qq.com\"],\"status\":[\"0\"]}','{\"msg\":\"æ“ä½œæˆåŠŸ\",\"code\":0}',0,NULL,'2022-02-15 16:27:02'),(102,'éƒ¨é—¨ç®¡ç†',2,'com.ruoyi.web.controller.system.SysDeptController.editSave()','POST',1,'admin','ç ”å‘éƒ¨é—¨','/system/dept/edit','127.0.0.1','å†…ç½‘IP','{\"deptId\":[\"101\"],\"parentId\":[\"100\"],\"parentName\":[\"é½é²å·¥ä¸šå¤§å­¦\"],\"deptName\":[\"è®¡ç®—æœºä¸è½¯ä»¶å­¦é™¢\"],\"orderNum\":[\"1\"],\"leader\":[\"ä¿å²±å²©\"],\"phone\":[\"15888888888\"],\"email\":[\"yudaiyan@qq.com\"],\"status\":[\"0\"]}','{\"msg\":\"æ“ä½œæˆåŠŸ\",\"code\":0}',0,NULL,'2022-02-15 16:28:04'),(103,'éƒ¨é—¨ç®¡ç†',2,'com.ruoyi.web.controller.system.SysDeptController.editSave()','POST',1,'admin','ç ”å‘éƒ¨é—¨','/system/dept/edit','127.0.0.1','å†…ç½‘IP','{\"deptId\":[\"102\"],\"parentId\":[\"100\"],\"parentName\":[\"é½é²å·¥ä¸šå¤§å­¦\"],\"deptName\":[\"åœŸæœ¨å·¥ç¨‹å­¦é™¢\"],\"orderNum\":[\"2\"],\"leader\":[\"æ®·æ¢¨äº­\"],\"phone\":[\"15888888888\"],\"email\":[\"ry@qq.com\"],\"status\":[\"0\"]}','{\"msg\":\"æ“ä½œæˆåŠŸ\",\"code\":0}',0,NULL,'2022-02-15 16:28:38'),(104,'éƒ¨é—¨ç®¡ç†',2,'com.ruoyi.web.controller.system.SysDeptController.editSave()','POST',1,'admin','ç ”å‘éƒ¨é—¨','/system/dept/edit','127.0.0.1','å†…ç½‘IP','{\"deptId\":[\"104\"],\"parentId\":[\"101\"],\"parentName\":[\"è®¡ç®—æœºä¸è½¯ä»¶å­¦é™¢\"],\"deptName\":[\"è®¡ç®—æœºç§‘å­¦ä¸æŠ€æœ¯\"],\"orderNum\":[\"2\"],\"leader\":[\"å¼ ä¸‰\"],\"phone\":[\"15888888888\"],\"email\":[\"ry@qq.com\"],\"status\":[\"0\"]}','{\"msg\":\"æ“ä½œæˆåŠŸ\",\"code\":0}',0,NULL,'2022-02-15 16:29:22'),(105,'éƒ¨é—¨ç®¡ç†',2,'com.ruoyi.web.controller.system.SysDeptController.editSave()','POST',1,'admin','ç ”å‘éƒ¨é—¨','/system/dept/edit','127.0.0.1','å†…ç½‘IP','{\"deptId\":[\"104\"],\"parentId\":[\"101\"],\"parentName\":[\"è®¡ç®—æœºä¸è½¯ä»¶å­¦é™¢\"],\"deptName\":[\"è®¡ç®—æœºç§‘å­¦ä¸æŠ€æœ¯\"],\"orderNum\":[\"1\"],\"leader\":[\"å¼ ä¸‰\"],\"phone\":[\"15888888888\"],\"email\":[\"ry@qq.com\"],\"status\":[\"0\"]}','{\"msg\":\"æ“ä½œæˆåŠŸ\",\"code\":0}',0,NULL,'2022-02-15 16:29:35'),(106,'éƒ¨é—¨ç®¡ç†',2,'com.ruoyi.web.controller.system.SysDeptController.editSave()','POST',1,'admin','ç ”å‘éƒ¨é—¨','/system/dept/edit','127.0.0.1','å†…ç½‘IP','{\"deptId\":[\"103\"],\"parentId\":[\"101\"],\"parentName\":[\"è®¡ç®—æœºä¸è½¯ä»¶å­¦é™¢\"],\"deptName\":[\"ç½‘ç»œå·¥ç¨‹\"],\"orderNum\":[\"2\"],\"leader\":[\"è‹¥ä¾\"],\"phone\":[\"15888888888\"],\"email\":[\"ry@qq.com\"],\"status\":[\"0\"]}','{\"msg\":\"æ“ä½œæˆåŠŸ\",\"code\":0}',0,NULL,'2022-02-15 16:29:45'),(107,'éƒ¨é—¨ç®¡ç†',2,'com.ruoyi.web.controller.system.SysDeptController.editSave()','POST',1,'admin','ç ”å‘éƒ¨é—¨','/system/dept/edit','127.0.0.1','å†…ç½‘IP','{\"deptId\":[\"105\"],\"parentId\":[\"101\"],\"parentName\":[\"è®¡ç®—æœºä¸è½¯ä»¶å­¦é™¢\"],\"deptName\":[\"è½¯ä»¶å·¥ç¨‹\"],\"orderNum\":[\"3\"],\"leader\":[\"è‹¥ä¾\"],\"phone\":[\"15888888888\"],\"email\":[\"ry@qq.com\"],\"status\":[\"0\"]}','{\"msg\":\"æ“ä½œæˆåŠŸ\",\"code\":0}',0,NULL,'2022-02-15 16:29:52'),(108,'éƒ¨é—¨ç®¡ç†',2,'com.ruoyi.web.controller.system.SysDeptController.editSave()','POST',1,'admin','ç ”å‘éƒ¨é—¨','/system/dept/edit','127.0.0.1','å†…ç½‘IP','{\"deptId\":[\"106\"],\"parentId\":[\"101\"],\"parentName\":[\"è®¡ç®—æœºä¸è½¯ä»¶å­¦é™¢\"],\"deptName\":[\"äº‘è®¡ç®—\"],\"orderNum\":[\"4\"],\"leader\":[\"è‹¥ä¾\"],\"phone\":[\"15888888888\"],\"email\":[\"ry@qq.com\"],\"status\":[\"0\"]}','{\"msg\":\"æ“ä½œæˆåŠŸ\",\"code\":0}',0,NULL,'2022-02-15 16:29:59'),(109,'éƒ¨é—¨ç®¡ç†',2,'com.ruoyi.web.controller.system.SysDeptController.editSave()','POST',1,'admin','ç ”å‘éƒ¨é—¨','/system/dept/edit','127.0.0.1','å†…ç½‘IP','{\"deptId\":[\"107\"],\"parentId\":[\"101\"],\"parentName\":[\"è®¡ç®—æœºä¸è½¯ä»¶å­¦é™¢\"],\"deptName\":[\"ç‰©è”ç½‘\"],\"orderNum\":[\"5\"],\"leader\":[\"è‹¥ä¾\"],\"phone\":[\"15888888888\"],\"email\":[\"ry@qq.com\"],\"status\":[\"0\"]}','{\"msg\":\"æ“ä½œæˆåŠŸ\",\"code\":0}',0,NULL,'2022-02-15 16:30:05'),(110,'éƒ¨é—¨ç®¡ç†',2,'com.ruoyi.web.controller.system.SysDeptController.editSave()','POST',1,'admin','ç ”å‘éƒ¨é—¨','/system/dept/edit','127.0.0.1','å†…ç½‘IP','{\"deptId\":[\"108\"],\"parentId\":[\"102\"],\"parentName\":[\"åœŸæœ¨å·¥ç¨‹å­¦é™¢\"],\"deptName\":[\"é“è·¯æ¡¥æ¢ä¸æ¸¡æ²³å·¥ç¨‹\"],\"orderNum\":[\"1\"],\"leader\":[\"è‹¥ä¾\"],\"phone\":[\"15888888888\"],\"email\":[\"ry@qq.com\"],\"status\":[\"0\"]}','{\"msg\":\"æ“ä½œæˆåŠŸ\",\"code\":0}',0,NULL,'2022-02-15 16:30:43'),(111,'éƒ¨é—¨ç®¡ç†',2,'com.ruoyi.web.controller.system.SysDeptController.editSave()','POST',1,'admin','ç ”å‘éƒ¨é—¨','/system/dept/edit','127.0.0.1','å†…ç½‘IP','{\"deptId\":[\"109\"],\"parentId\":[\"102\"],\"parentName\":[\"åœŸæœ¨å·¥ç¨‹å­¦é™¢\"],\"deptName\":[\"åœŸæœ¨å·¥ç¨‹\"],\"orderNum\":[\"2\"],\"leader\":[\"è‹¥ä¾\"],\"phone\":[\"15888888888\"],\"email\":[\"ry@qq.com\"],\"status\":[\"0\"]}','{\"msg\":\"æ“ä½œæˆåŠŸ\",\"code\":0}',0,NULL,'2022-02-15 16:30:49'),(112,'éƒ¨é—¨ç®¡ç†',2,'com.ruoyi.web.controller.system.SysDeptController.editSave()','POST',1,'admin','ç ”å‘éƒ¨é—¨','/system/dept/edit','127.0.0.1','å†…ç½‘IP','{\"deptId\":[\"108\"],\"parentId\":[\"102\"],\"parentName\":[\"åœŸæœ¨å·¥ç¨‹å­¦é™¢\"],\"deptName\":[\"é“è·¯æ¡¥æ¢\"],\"orderNum\":[\"1\"],\"leader\":[\"è‹¥ä¾\"],\"phone\":[\"15888888888\"],\"email\":[\"ry@qq.com\"],\"status\":[\"0\"]}','{\"msg\":\"æ“ä½œæˆåŠŸ\",\"code\":0}',0,NULL,'2022-02-15 16:30:55'),(113,'èœå•ç®¡ç†',2,'com.ruoyi.web.controller.system.SysMenuController.editSave()','POST',1,'admin','ç½‘ç»œå·¥ç¨‹','/system/menu/edit','127.0.0.1','å†…ç½‘IP','{\"menuId\":[\"2000\"],\"parentId\":[\"0\"],\"menuType\":[\"M\"],\"menuName\":[\"æŠ¥åç®¡ç†\"],\"url\":[\"#\"],\"target\":[\"menuItem\"],\"perms\":[\"\"],\"orderNum\":[\"1\"],\"icon\":[\"fa fa-address-book\"],\"visible\":[\"0\"],\"isRefresh\":[\"1\"]}','{\"msg\":\"æ“ä½œæˆåŠŸ\",\"code\":0}',0,NULL,'2022-02-15 16:37:49'),(114,'èœå•ç®¡ç†',1,'com.ruoyi.web.controller.system.SysMenuController.addSave()','POST',1,'admin','ç½‘ç»œå·¥ç¨‹','/system/menu/add','127.0.0.1','å†…ç½‘IP','{\"parentId\":[\"2000\"],\"menuType\":[\"C\"],\"menuName\":[\"è¯¾ç¨‹ç®¡ç†\"],\"url\":[\"\"],\"target\":[\"menuItem\"],\"perms\":[\"\"],\"orderNum\":[\"1\"],\"icon\":[\"fa fa-book\"],\"visible\":[\"0\"],\"isRefresh\":[\"1\"]}','{\"msg\":\"æ“ä½œæˆåŠŸ\",\"code\":0}',0,NULL,'2022-02-15 16:39:31'),(115,'èœå•ç®¡ç†',1,'com.ruoyi.web.controller.system.SysMenuController.addSave()','POST',1,'admin','ç½‘ç»œå·¥ç¨‹','/system/menu/add','127.0.0.1','å†…ç½‘IP','{\"parentId\":[\"2000\"],\"menuType\":[\"C\"],\"menuName\":[\"æŠ¥åç®¡ç†\"],\"url\":[\"\"],\"target\":[\"menuItem\"],\"perms\":[\"\"],\"orderNum\":[\"2\"],\"icon\":[\"fa fa-id-card-o\"],\"visible\":[\"0\"],\"isRefresh\":[\"1\"]}','{\"msg\":\"æ“ä½œæˆåŠŸ\",\"code\":0}',0,NULL,'2022-02-15 16:40:42'),(116,'èœå•ç®¡ç†',1,'com.ruoyi.web.controller.system.SysMenuController.addSave()','POST',1,'admin','ç½‘ç»œå·¥ç¨‹','/system/menu/add','127.0.0.1','å†…ç½‘IP','{\"parentId\":[\"2000\"],\"menuType\":[\"C\"],\"menuName\":[\"æˆ‘è¦æŠ¥å\"],\"url\":[\"\"],\"target\":[\"menuItem\"],\"perms\":[\"\"],\"orderNum\":[\"3\"],\"icon\":[\"fa fa-graduation-cap\"],\"visible\":[\"0\"],\"isRefresh\":[\"1\"]}','{\"msg\":\"æ“ä½œæˆåŠŸ\",\"code\":0}',0,NULL,'2022-02-15 16:42:31'),(117,'è§’è‰²ç®¡ç†',2,'com.ruoyi.web.controller.system.SysRoleController.editSave()','POST',1,'admin','ç½‘ç»œå·¥ç¨‹','/system/role/edit','127.0.0.1','å†…ç½‘IP','{\"roleId\":[\"2\"],\"roleName\":[\"è€å¸ˆè§’è‰²\"],\"roleKey\":[\"common\"],\"roleSort\":[\"2\"],\"status\":[\"0\"],\"remark\":[\"æ™®é€šè§’è‰²\"],\"menuIds\":[\"2000,2001,2002\"]}','{\"msg\":\"æ“ä½œæˆåŠŸ\",\"code\":0}',0,NULL,'2022-02-15 16:43:39'),(118,'è§’è‰²ç®¡ç†',1,'com.ruoyi.web.controller.system.SysRoleController.addSave()','POST',1,'admin','ç½‘ç»œå·¥ç¨‹','/system/role/add','127.0.0.1','å†…ç½‘IP','{\"roleName\":[\"å­¦ç”Ÿç”¨æˆ·\"],\"roleKey\":[\"student\"],\"roleSort\":[\"3\"],\"status\":[\"0\"],\"remark\":[\"\"],\"menuIds\":[\"2000,2003\"]}','{\"msg\":\"æ“ä½œæˆåŠŸ\",\"code\":0}',0,NULL,'2022-02-15 16:44:31'),(119,'ç”¨æˆ·ç®¡ç†',1,'com.ruoyi.web.controller.system.SysUserController.addSave()','POST',1,'admin','ç½‘ç»œå·¥ç¨‹','/system/user/add','127.0.0.1','å†…ç½‘IP','{\"deptId\":[\"103\"],\"userName\":[\"xuesheng_01\"],\"deptName\":[\"ç½‘ç»œå·¥ç¨‹\"],\"phonenumber\":[\"15567678989\"],\"email\":[\"565653454@qq.com\"],\"loginName\":[\"xuesheng_01\"],\"sex\":[\"0\"],\"role\":[\"100\"],\"remark\":[\"\"],\"status\":[\"0\"],\"roleIds\":[\"100\"],\"postIds\":[\"\"]}','{\"msg\":\"æ“ä½œæˆåŠŸ\",\"code\":0}',0,NULL,'2022-02-15 16:45:38'),(120,'èœå•ç®¡ç†',3,'com.ruoyi.web.controller.system.SysMenuController.remove()','GET',1,'admin','ç½‘ç»œå·¥ç¨‹','/system/menu/remove/4','127.0.0.1','å†…ç½‘IP','4','{\"msg\":\"æ“ä½œæˆåŠŸ\",\"code\":0}',0,NULL,'2022-02-15 16:51:11'),(121,'åˆ›å»ºè¡¨',0,'com.ruoyi.generator.controller.GenController.create()','POST',1,'admin','ç½‘ç»œå·¥ç¨‹','/tool/gen/createTable','127.0.0.1','å†…ç½‘IP','{\"sql\":[\"CREATE TABLE `registration_course` (\\n  `id` int NOT NULL AUTO_INCREMENT COMMENT \'å‚æ•°ä¸»é”®\',\\n  `course_name` varchar(100) CHARACTER SET utf8mb4 COLLATE utf8mb4_0900_ai_ci DEFAULT \'\' COMMENT \'è¯¾ç¨‹åç§°\',\\n  `course_score` varchar(100) CHARACTER SET utf8mb4 COLLATE utf8mb4_0900_ai_ci DEFAULT \'\' COMMENT \'è¯¾ç¨‹å­¦åˆ†\',\\n  `course_required` char(1) CHARACTER SET utf8mb4 COLLATE utf8mb4_0900_ai_ci DEFAULT \'\' COMMENT \'æ˜¯å¦æ˜¯å¿…ä¿®è¯¾ç¨‹ 0é€‰ä¿® 1å¿…ä¿®\',\\n  `status` char(1) CHARACTER SET utf8mb4 COLLATE utf8mb4_0900_ai_ci DEFAULT \'N\' COMMENT \'è¯¾ç¨‹çŠ¶æ€ï¼ˆ0æ­£å¸¸ 1åœç”¨ï¼‰\',\\n  `create_by` varchar(64) CHARACTER SET utf8mb4 COLLATE utf8mb4_0900_ai_ci DEFAULT \'\' COMMENT \'åˆ›å»ºè€…\',\\n  `create_time` datetime DEFAULT NULL COMMENT \'åˆ›å»ºæ—¶é—´\',\\n  `update_by` varchar(64) CHARACTER SET utf8mb4 COLLATE utf8mb4_0900_ai_ci DEFAULT \'\' COMMENT \'æ›´æ–°è€…\',\\n  `update_time` datetime DEFAULT NULL COMMENT \'æ›´æ–°æ—¶é—´\',\\n  `remark` varchar(500) CHARACTER SET utf8mb4 COLLATE utf8mb4_0900_ai_ci DEFAULT NULL COMMENT \'å¤‡æ³¨\',\\n  PRIMARY KEY (`id`) USING BTREE\\n) ENGINE=InnoDB AUTO_INCREMENT=100 DEFAULT CHARSET=utf8mb4 COLLATE=utf8mb4_0900_ai_ci COMMENT=\'æŠ¥åè¯¾ç¨‹è¡¨\'\\n\"]}','{\"msg\":\"åˆ›å»ºè¡¨ç»“æ„å¼‚å¸¸[\\n### Error updating database.  Cause: java.sql.SQLSyntaxErrorException: Table \'registration_course\' already exists\\n### The error may exist in file [/Users/mac/IdeaProjects/RegistratioManagementSystem/ruoyi-generator/target/classes/mapper/generator/GenTableMapper.xml]\\n### The error may involve defaultParameterMap\\n### The error occurred while setting parameters\\n### SQL: CREATE TABLE `registration_course` (  `id` int NOT NULL AUTO_INCREMENT COMMENT \'å‚æ•°ä¸»é”®\',  `course_name` varchar(100) CHARACTER SET utf8mb4 COLLATE utf8mb4_0900_ai_ci DEFAULT \'\' COMMENT \'è¯¾ç¨‹åç§°\',  `course_score` varchar(100) CHARACTER SET utf8mb4 COLLATE utf8mb4_0900_ai_ci DEFAULT \'\' COMMENT \'è¯¾ç¨‹å­¦åˆ†\',  `course_required` char(1) CHARACTER SET utf8mb4 COLLATE utf8mb4_0900_ai_ci DEFAULT \'\' COMMENT \'æ˜¯å¦æ˜¯å¿…ä¿®è¯¾ç¨‹ 0é€‰ä¿® 1å¿…ä¿®\',  `status` char(1) CHARACTER SET utf8mb4 COLLATE utf8mb4_0900_ai_ci DEFAULT \'N\' COMMENT \'è¯¾ç¨‹çŠ¶æ€ï¼ˆ0æ­£å¸¸ 1åœç”¨ï¼‰\',  `create_by` varchar(64) CHARACTER SET utf8mb4 COLLATE utf8mb4_0900_ai_ci DEFAULT \'\' COMMENT \'åˆ›å»ºè€…\',  `create_time` datetime DEFAULT NULL COMMENT \'åˆ›å»ºæ—¶é—´\',  `update_by` varchar(64) CHARACTER SET utf8mb4 COLLATE utf8mb4_0900_ai_ci DEFAULT \'\' COMMENT \'æ›´æ–°è€…\',  `update_time` datetime DEFAULT NULL COMMENT \'æ›´æ–°æ—¶é—´\',  `remark` varchar(500) CHARACTER SET utf8mb4 COLLATE utf8mb4_0900_ai_ci DEFAULT NULL COMMENT \'å¤‡æ³¨\',  PRIMARY KEY USING BTREE (`id`) ) ENGINE = InnoDB AUTO_INCREMENT = 100 CHARSET = utf8mb4 COLLATE = utf8mb4_0900_ai_ci COMMENT \'æŠ¥åè¯¾ç¨‹è¡¨\'\\n### Cause: java.sql.SQLSyntaxErrorException: Table \'registration_course\' already exists\\n; bad SQL grammar []; nested exception is java.sql.SQLSyntaxErrorException: Table \'registration_course\' already exists]\",\"code\":500}',0,NULL,'2022-02-15 17:06:42'),(122,'åˆ›å»ºè¡¨',0,'com.ruoyi.generator.controller.GenController.create()','POST',1,'admin','ç½‘ç»œå·¥ç¨‹','/tool/gen/createTable','127.0.0.1','å†…ç½‘IP','{\"sql\":[\"CREATE TABLE `registration_course` (\\n  `id` int NOT NULL AUTO_INCREMENT COMMENT \'å‚æ•°ä¸»é”®\',\\n  `course_name` varchar(100) CHARACTER SET utf8mb4 COLLATE utf8mb4_0900_ai_ci DEFAULT \'\' COMMENT \'è¯¾ç¨‹åç§°\',\\n  `course_score` varchar(100) CHARACTER SET utf8mb4 COLLATE utf8mb4_0900_ai_ci DEFAULT \'\' COMMENT \'è¯¾ç¨‹å­¦åˆ†\',\\n  `course_required` char(1) CHARACTER SET utf8mb4 COLLATE utf8mb4_0900_ai_ci DEFAULT \'\' COMMENT \'æ˜¯å¦æ˜¯å¿…ä¿®è¯¾ç¨‹ 0é€‰ä¿® 1å¿…ä¿®\',\\n  `status` char(1) CHARACTER SET utf8mb4 COLLATE utf8mb4_0900_ai_ci DEFAULT \'N\' COMMENT \'è¯¾ç¨‹çŠ¶æ€ï¼ˆ0æ­£å¸¸ 1åœç”¨ï¼‰\',\\n  `create_by` varchar(64) CHARACTER SET utf8mb4 COLLATE utf8mb4_0900_ai_ci DEFAULT \'\' COMMENT \'åˆ›å»ºè€…\',\\n  `create_time` datetime DEFAULT NULL COMMENT \'åˆ›å»ºæ—¶é—´\',\\n  `update_by` varchar(64) CHARACTER SET utf8mb4 COLLATE utf8mb4_0900_ai_ci DEFAULT \'\' COMMENT \'æ›´æ–°è€…\',\\n  `update_time` datetime DEFAULT NULL COMMENT \'æ›´æ–°æ—¶é—´\',\\n  `remark` varchar(500) CHARACTER SET utf8mb4 COLLATE utf8mb4_0900_ai_ci DEFAULT NULL COMMENT \'å¤‡æ³¨\',\\n  PRIMARY KEY (`id`) USING BTREE\\n) ENGINE=InnoDB AUTO_INCREMENT=100 DEFAULT CHARSET=utf8mb4 COLLATE=utf8mb4_0900_ai_ci COMMENT=\'æŠ¥åè¯¾ç¨‹è¡¨\'\\n\"]}','{\"msg\":\"åˆ›å»ºè¡¨ç»“æ„å¼‚å¸¸[\\n### Error updating database.  Cause: java.sql.SQLSyntaxErrorException: Table \'registration_course\' already exists\\n### The error may exist in file [/Users/mac/IdeaProjects/RegistratioManagementSystem/ruoyi-generator/target/classes/mapper/generator/GenTableMapper.xml]\\n### The error may involve defaultParameterMap\\n### The error occurred while setting parameters\\n### SQL: CREATE TABLE `registration_course` (  `id` int NOT NULL AUTO_INCREMENT COMMENT \'å‚æ•°ä¸»é”®\',  `course_name` varchar(100) CHARACTER SET utf8mb4 COLLATE utf8mb4_0900_ai_ci DEFAULT \'\' COMMENT \'è¯¾ç¨‹åç§°\',  `course_score` varchar(100) CHARACTER SET utf8mb4 COLLATE utf8mb4_0900_ai_ci DEFAULT \'\' COMMENT \'è¯¾ç¨‹å­¦åˆ†\',  `course_required` char(1) CHARACTER SET utf8mb4 COLLATE utf8mb4_0900_ai_ci DEFAULT \'\' COMMENT \'æ˜¯å¦æ˜¯å¿…ä¿®è¯¾ç¨‹ 0é€‰ä¿® 1å¿…ä¿®\',  `status` char(1) CHARACTER SET utf8mb4 COLLATE utf8mb4_0900_ai_ci DEFAULT \'N\' COMMENT \'è¯¾ç¨‹çŠ¶æ€ï¼ˆ0æ­£å¸¸ 1åœç”¨ï¼‰\',  `create_by` varchar(64) CHARACTER SET utf8mb4 COLLATE utf8mb4_0900_ai_ci DEFAULT \'\' COMMENT \'åˆ›å»ºè€…\',  `create_time` datetime DEFAULT NULL COMMENT \'åˆ›å»ºæ—¶é—´\',  `update_by` varchar(64) CHARACTER SET utf8mb4 COLLATE utf8mb4_0900_ai_ci DEFAULT \'\' COMMENT \'æ›´æ–°è€…\',  `update_time` datetime DEFAULT NULL COMMENT \'æ›´æ–°æ—¶é—´\',  `remark` varchar(500) CHARACTER SET utf8mb4 COLLATE utf8mb4_0900_ai_ci DEFAULT NULL COMMENT \'å¤‡æ³¨\',  PRIMARY KEY USING BTREE (`id`) ) ENGINE = InnoDB AUTO_INCREMENT = 100 CHARSET = utf8mb4 COLLATE = utf8mb4_0900_ai_ci COMMENT \'æŠ¥åè¯¾ç¨‹è¡¨\'\\n### Cause: java.sql.SQLSyntaxErrorException: Table \'registration_course\' already exists\\n; bad SQL grammar []; nested exception is java.sql.SQLSyntaxErrorException: Table \'registration_course\' already exists]\",\"code\":500}',0,NULL,'2022-02-15 17:06:53'),(123,'åˆ›å»ºè¡¨',0,'com.ruoyi.generator.controller.GenController.create()','POST',1,'admin','ç½‘ç»œå·¥ç¨‹','/tool/gen/createTable','127.0.0.1','å†…ç½‘IP','{\"sql\":[\"CREATE TABLE `registration_course` (\\n  `id` int NOT NULL AUTO_INCREMENT COMMENT \'å‚æ•°ä¸»é”®\',\\n  `course_name` varchar(100) CHARACTER SET utf8mb4 COLLATE utf8mb4_0900_ai_ci DEFAULT \'\' COMMENT \'è¯¾ç¨‹åç§°\',\\n  `course_score` varchar(100) CHARACTER SET utf8mb4 COLLATE utf8mb4_0900_ai_ci DEFAULT \'\' COMMENT \'è¯¾ç¨‹å­¦åˆ†\',\\n  `course_required` char(1) CHARACTER SET utf8mb4 COLLATE utf8mb4_0900_ai_ci DEFAULT \'\' COMMENT \'æ˜¯å¦æ˜¯å¿…ä¿®è¯¾ç¨‹ 0é€‰ä¿® 1å¿…ä¿®\',\\n  `status` char(1) CHARACTER SET utf8mb4 COLLATE utf8mb4_0900_ai_ci DEFAULT \'N\' COMMENT \'è¯¾ç¨‹çŠ¶æ€ï¼ˆ0æ­£å¸¸ 1åœç”¨ï¼‰\',\\n  `create_by` varchar(64) CHARACTER SET utf8mb4 COLLATE utf8mb4_0900_ai_ci DEFAULT \'\' COMMENT \'åˆ›å»ºè€…\',\\n  `create_time` datetime DEFAULT NULL COMMENT \'åˆ›å»ºæ—¶é—´\',\\n  `update_by` varchar(64) CHARACTER SET utf8mb4 COLLATE utf8mb4_0900_ai_ci DEFAULT \'\' COMMENT \'æ›´æ–°è€…\',\\n  `update_time` datetime DEFAULT NULL COMMENT \'æ›´æ–°æ—¶é—´\',\\n  `remark` varchar(500) CHARACTER SET utf8mb4 COLLATE utf8mb4_0900_ai_ci DEFAULT NULL COMMENT \'å¤‡æ³¨\',\\n  PRIMARY KEY (`id`) USING BTREE\\n) ENGINE=InnoDB AUTO_INCREMENT=100 DEFAULT CHARSET=utf8mb4 COLLATE=utf8mb4_0900_ai_ci COMMENT=\'æŠ¥åè¯¾ç¨‹è¡¨\'\\n\"]}','{\"msg\":\"æ“ä½œæˆåŠŸ\",\"code\":0}',0,NULL,'2022-02-15 17:07:26'),(124,'åˆ›å»ºè¡¨',0,'com.ruoyi.generator.controller.GenController.create()','POST',1,'admin','ç½‘ç»œå·¥ç¨‹','/tool/gen/createTable','127.0.0.1','å†…ç½‘IP','{\"sql\":[\"CREATE TABLE `registration_user_course` (\\n  `id` int NOT NULL AUTO_INCREMENT COMMENT \'å‚æ•°ä¸»é”®\',\\n  `user_id` varchar(100) CHARACTER SET utf8mb4 COLLATE utf8mb4_0900_ai_ci DEFAULT \'\' COMMENT \'ç”¨æˆ·id\',\\n  `course_id` varchar(100) CHARACTER SET utf8mb4 COLLATE utf8mb4_0900_ai_ci DEFAULT \'\' COMMENT \'è¯¾ç¨‹id\',\\n  `registration_status` char(1) CHARACTER SET utf8mb4 COLLATE utf8mb4_0900_ai_ci DEFAULT \'\' COMMENT \'æŠ¥åçŠ¶æ€ 0æœªæŠ¥å 1å·²æŠ¥å\',\\n  `create_by` varchar(64) CHARACTER SET utf8mb4 COLLATE utf8mb4_0900_ai_ci DEFAULT \'\' COMMENT \'åˆ›å»ºè€…\',\\n  `create_time` datetime DEFAULT NULL COMMENT \'åˆ›å»ºæ—¶é—´\',\\n  `update_by` varchar(64) CHARACTER SET utf8mb4 COLLATE utf8mb4_0900_ai_ci DEFAULT \'\' COMMENT \'æ›´æ–°è€…\',\\n  `update_time` datetime DEFAULT NULL COMMENT \'æ›´æ–°æ—¶é—´\',\\n  `remark` varchar(500) CHARACTER SET utf8mb4 COLLATE utf8mb4_0900_ai_ci DEFAULT NULL COMMENT \'å¤‡æ³¨\',\\n  PRIMARY KEY (`id`) USING BTREE\\n) ENGINE=InnoDB AUTO_INCREMENT=100 DEFAULT CHARSET=utf8mb4 COLLATE=utf8mb4_0900_ai_ci COMMENT=\'å­¦ç”ŸæŠ¥åè¯¾ç¨‹è¡¨\'\"]}','{\"msg\":\"æ“ä½œæˆåŠŸ\",\"code\":0}',0,NULL,'2022-02-16 10:57:57'),(125,'èœå•ç®¡ç†',2,'com.ruoyi.web.controller.system.SysMenuController.editSave()','POST',1,'admin','ç½‘ç»œå·¥ç¨‹','/system/menu/edit','127.0.0.1','å†…ç½‘IP','{\"menuId\":[\"103\"],\"parentId\":[\"1\"],\"menuType\":[\"C\"],\"menuName\":[\"ä¸“ä¸šç®¡ç†\"],\"url\":[\"/system/dept\"],\"target\":[\"menuItem\"],\"perms\":[\"system:dept:view\"],\"orderNum\":[\"4\"],\"icon\":[\"fa fa-outdent\"],\"visible\":[\"0\"],\"isRefresh\":[\"1\"]}','{\"msg\":\"æ“ä½œæˆåŠŸ\",\"code\":0}',0,NULL,'2022-02-16 11:00:14'),(126,'è§’è‰²ç®¡ç†',2,'com.ruoyi.web.controller.system.SysRoleController.editSave()','POST',1,'admin','ç½‘ç»œå·¥ç¨‹','/system/role/edit','127.0.0.1','å†…ç½‘IP','{\"roleId\":[\"2\"],\"roleName\":[\"è€å¸ˆè§’è‰²\"],\"roleKey\":[\"teacher\"],\"roleSort\":[\"2\"],\"status\":[\"0\"],\"remark\":[\"æ™®é€šè§’è‰²\"],\"menuIds\":[\"2000,2001,2002\"]}','{\"msg\":\"æ“ä½œæˆåŠŸ\",\"code\":0}',0,NULL,'2022-02-16 11:04:15'),(127,'ä»£ç ç”Ÿæˆ',8,'com.ruoyi.generator.controller.GenController.batchGenCode()','GET',1,'admin','ç½‘ç»œå·¥ç¨‹','/tool/gen/batchGenCode','127.0.0.1','å†…ç½‘IP','{\"tables\":[\"registration_user_course,registration_course\"]}',NULL,0,NULL,'2022-02-16 11:05:13'),(128,'ä»£ç ç”Ÿæˆ',8,'com.ruoyi.generator.controller.GenController.download()','GET',1,'admin','ç½‘ç»œå·¥ç¨‹','/tool/gen/download/registration_user_course','127.0.0.1','å†…ç½‘IP','\"registration_user_course\"',NULL,0,NULL,'2022-02-16 11:26:44'),(129,'ä»£ç ç”Ÿæˆ',2,'com.ruoyi.generator.controller.GenController.editSave()','POST',1,'admin','ç½‘ç»œå·¥ç¨‹','/tool/gen/edit','127.0.0.1','å†…ç½‘IP','{\"tableId\":[\"2\"],\"tableName\":[\"registration_user_course\"],\"tableComment\":[\"å­¦ç”ŸæŠ¥åè¯¾ç¨‹è¡¨\"],\"className\":[\"RegistrationUserCourse\"],\"functionAuthor\":[\"ruoyi\"],\"remark\":[\"\"],\"columns[0].columnId\":[\"11\"],\"columns[0].sort\":[\"1\"],\"columns[0].columnComment\":[\"å‚æ•°ä¸»é”®\"],\"columns[0].javaType\":[\"Long\"],\"columns[0].javaField\":[\"id\"],\"columns[0].isInsert\":[\"1\"],\"columns[0].queryType\":[\"EQ\"],\"columns[0].htmlType\":[\"input\"],\"columns[0].dictType\":[\"\"],\"columns[1].columnId\":[\"12\"],\"columns[1].sort\":[\"2\"],\"columns[1].columnComment\":[\"ç”¨æˆ·id\"],\"columns[1].javaType\":[\"String\"],\"columns[1].javaField\":[\"userId\"],\"columns[1].isInsert\":[\"1\"],\"columns[1].isEdit\":[\"1\"],\"columns[1].isList\":[\"1\"],\"columns[1].isQuery\":[\"1\"],\"columns[1].queryType\":[\"EQ\"],\"columns[1].htmlType\":[\"input\"],\"columns[1].dictType\":[\"\"],\"columns[2].columnId\":[\"13\"],\"columns[2].sort\":[\"3\"],\"columns[2].columnComment\":[\"è¯¾ç¨‹id\"],\"columns[2].javaType\":[\"String\"],\"columns[2].javaField\":[\"courseId\"],\"columns[2].isInsert\":[\"1\"],\"columns[2].isEdit\":[\"1\"],\"columns[2].isList\":[\"1\"],\"columns[2].isQuery\":[\"1\"],\"columns[2].queryType\":[\"EQ\"],\"columns[2].htmlType\":[\"input\"],\"columns[2].dictType\":[\"\"],\"columns[3].columnId\":[\"14\"],\"columns[3].sort\":[\"4\"],\"columns[3].columnComment\":[\"æŠ¥åçŠ¶æ€ 0æœªæŠ¥å 1å·²æŠ¥å\"],\"columns[3].javaType\":[\"String\"],\"columns[3].javaField\":[\"registrationStatus\"],\"columns[3].isInsert\":[\"1\"],\"columns[3].isEdit\":[\"1\"],\"columns[3].isList\":[\"1\"],\"columns[3].isQuery\":[\"1\"],\"columns[3].queryType\":[\"EQ\"],\"columns[3].htmlType\":[\"radio\"],\"columns[3].dictType\":[\"\"],\"columns[4].columnId\":[\"15\"],\"columns[4].sort\":[\"5\"],\"columns[4].columnComment\":[\"åˆ›å»ºè€…\"],\"columns[4].javaType\":[\"String\"],\"columns[4].javaField\":[\"createBy\"],\"columns[4].isInsert\":[\"1\"],\"columns[4].queryType\":[\"EQ\"],\"columns[4].htmlType\":[\"input\"],\"columns[4].dictType\":[\"\"],\"columns[5].columnId\":[\"16\"],\"columns[5].sort\":[\"6\"],\"columns[5].columnComment\":[\"åˆ›å»ºæ—¶é—´\"],\"columns[5].javaType\":[\"Date\"],\"columns[5].javaField\":[\"createTime\"],\"columns[5].isInsert\":[\"1\"],\"columns[5].queryType\":[\"EQ\"','{\"msg\":\"æ“ä½œæˆåŠŸ\",\"code\":0}',0,NULL,'2022-02-16 11:28:35'),(130,'ä»£ç ç”Ÿæˆ',2,'com.ruoyi.generator.controller.GenController.editSave()','POST',1,'admin','ç½‘ç»œå·¥ç¨‹','/tool/gen/edit','127.0.0.1','å†…ç½‘IP','{\"tableId\":[\"1\"],\"tableName\":[\"registration_course\"],\"tableComment\":[\"æŠ¥åè¯¾ç¨‹è¡¨\"],\"className\":[\"RegistrationCourse\"],\"functionAuthor\":[\"ruoyi\"],\"remark\":[\"\"],\"columns[0].columnId\":[\"1\"],\"columns[0].sort\":[\"1\"],\"columns[0].columnComment\":[\"å‚æ•°ä¸»é”®\"],\"columns[0].javaType\":[\"Long\"],\"columns[0].javaField\":[\"id\"],\"columns[0].isInsert\":[\"1\"],\"columns[0].queryType\":[\"EQ\"],\"columns[0].htmlType\":[\"input\"],\"columns[0].dictType\":[\"\"],\"columns[1].columnId\":[\"2\"],\"columns[1].sort\":[\"2\"],\"columns[1].columnComment\":[\"è¯¾ç¨‹åç§°\"],\"columns[1].javaType\":[\"String\"],\"columns[1].javaField\":[\"courseName\"],\"columns[1].isInsert\":[\"1\"],\"columns[1].isEdit\":[\"1\"],\"columns[1].isList\":[\"1\"],\"columns[1].isQuery\":[\"1\"],\"columns[1].queryType\":[\"LIKE\"],\"columns[1].htmlType\":[\"input\"],\"columns[1].dictType\":[\"\"],\"columns[2].columnId\":[\"3\"],\"columns[2].sort\":[\"3\"],\"columns[2].columnComment\":[\"è¯¾ç¨‹å­¦åˆ†\"],\"columns[2].javaType\":[\"String\"],\"columns[2].javaField\":[\"courseScore\"],\"columns[2].isInsert\":[\"1\"],\"columns[2].isEdit\":[\"1\"],\"columns[2].isList\":[\"1\"],\"columns[2].isQuery\":[\"1\"],\"columns[2].queryType\":[\"EQ\"],\"columns[2].htmlType\":[\"input\"],\"columns[2].dictType\":[\"\"],\"columns[3].columnId\":[\"4\"],\"columns[3].sort\":[\"4\"],\"columns[3].columnComment\":[\"æ˜¯å¦æ˜¯å¿…ä¿®è¯¾ç¨‹ 0é€‰ä¿® 1å¿…ä¿®\"],\"columns[3].javaType\":[\"String\"],\"columns[3].javaField\":[\"courseRequired\"],\"columns[3].isInsert\":[\"1\"],\"columns[3].isEdit\":[\"1\"],\"columns[3].isList\":[\"1\"],\"columns[3].isQuery\":[\"1\"],\"columns[3].queryType\":[\"EQ\"],\"columns[3].htmlType\":[\"input\"],\"columns[3].dictType\":[\"\"],\"columns[4].columnId\":[\"5\"],\"columns[4].sort\":[\"5\"],\"columns[4].columnComment\":[\"è¯¾ç¨‹çŠ¶æ€ï¼ˆ0æ­£å¸¸ 1åœç”¨ï¼‰\"],\"columns[4].javaType\":[\"String\"],\"columns[4].javaField\":[\"status\"],\"columns[4].isInsert\":[\"1\"],\"columns[4].isEdit\":[\"1\"],\"columns[4].isList\":[\"1\"],\"columns[4].isQuery\":[\"1\"],\"columns[4].queryType\":[\"EQ\"],\"columns[4].htmlType\":[\"radio\"],\"columns[4].dictType\":[\"\"],\"columns[5].columnId\":[\"6\"],\"columns[5].sort\":[\"6\"],\"columns[5].columnComment\":[\"åˆ›å»ºè€…\"],\"columns[5].javaType\":[\"String\"],\"columns[5].javaF','{\"msg\":\"æ“ä½œæˆåŠŸ\",\"code\":0}',0,NULL,'2022-02-16 11:28:45'),(131,'ä»£ç ç”Ÿæˆ',2,'com.ruoyi.generator.controller.GenController.synchDb()','GET',1,'admin','ç½‘ç»œå·¥ç¨‹','/tool/gen/synchDb/registration_user_course','127.0.0.1','å†…ç½‘IP','\"registration_user_course\"','{\"msg\":\"æ“ä½œæˆåŠŸ\",\"code\":0}',0,NULL,'2022-02-16 11:29:08'),(132,'ä»£ç ç”Ÿæˆ',2,'com.ruoyi.generator.controller.GenController.synchDb()','GET',1,'admin','ç½‘ç»œå·¥ç¨‹','/tool/gen/synchDb/registration_course','127.0.0.1','å†…ç½‘IP','\"registration_course\"','{\"msg\":\"æ“ä½œæˆåŠŸ\",\"code\":0}',0,NULL,'2022-02-16 11:29:11'),(133,'ä»£ç ç”Ÿæˆ',8,'com.ruoyi.generator.controller.GenController.batchGenCode()','GET',1,'admin','ç½‘ç»œå·¥ç¨‹','/tool/gen/batchGenCode','127.0.0.1','å†…ç½‘IP','{\"tables\":[\"registration_user_course,registration_course\"]}',NULL,0,NULL,'2022-02-16 11:56:14'),(134,'èœå•ç®¡ç†',3,'com.ruoyi.web.controller.system.SysMenuController.remove()','GET',1,'admin','ç½‘ç»œå·¥ç¨‹','/system/menu/remove/2022','127.0.0.1','å†…ç½‘IP','2022','{\"msg\":\"å­˜åœ¨å­èœå•,ä¸å…è®¸åˆ é™¤\",\"code\":301}',0,NULL,'2022-02-16 12:37:56'),(135,'èœå•ç®¡ç†',2,'com.ruoyi.web.controller.system.SysMenuController.editSave()','POST',1,'admin','ç½‘ç»œå·¥ç¨‹','/system/menu/edit','127.0.0.1','å†…ç½‘IP','{\"menuId\":[\"2001\"],\"parentId\":[\"1\"],\"menuType\":[\"C\"],\"menuName\":[\"è¯¾ç¨‹ç®¡ç†\"],\"url\":[\"#\"],\"target\":[\"menuItem\"],\"perms\":[\"\"],\"orderNum\":[\"1\"],\"icon\":[\"fa fa-book\"],\"visible\":[\"0\"],\"isRefresh\":[\"1\"]}','{\"msg\":\"æ“ä½œæˆåŠŸ\",\"code\":0}',0,NULL,'2022-02-16 12:45:20'),(136,'èœå•ç®¡ç†',2,'com.ruoyi.web.controller.system.SysMenuController.editSave()','POST',1,'admin','ç½‘ç»œå·¥ç¨‹','/system/menu/edit','127.0.0.1','å†…ç½‘IP','{\"menuId\":[\"2001\"],\"parentId\":[\"1\"],\"menuType\":[\"M\"],\"menuName\":[\"è¯¾ç¨‹ç®¡ç†\"],\"url\":[\"#\"],\"target\":[\"menuItem\"],\"perms\":[\"\"],\"orderNum\":[\"1\"],\"icon\":[\"fa fa-book\"],\"visible\":[\"0\"],\"isRefresh\":[\"1\"]}','{\"msg\":\"æ“ä½œæˆåŠŸ\",\"code\":0}',0,NULL,'2022-02-16 12:45:52'),(137,'èœå•ç®¡ç†',2,'com.ruoyi.web.controller.system.SysMenuController.editSave()','POST',1,'admin','ç½‘ç»œå·¥ç¨‹','/system/menu/edit','127.0.0.1','å†…ç½‘IP','{\"menuId\":[\"2002\"],\"parentId\":[\"2000\"],\"menuType\":[\"M\"],\"menuName\":[\"æŠ¥åç®¡ç†\"],\"url\":[\"#\"],\"target\":[\"menuItem\"],\"perms\":[\"\"],\"orderNum\":[\"2\"],\"icon\":[\"fa fa-id-card-o\"],\"visible\":[\"0\"],\"isRefresh\":[\"1\"]}','{\"msg\":\"æ“ä½œæˆåŠŸ\",\"code\":0}',0,NULL,'2022-02-16 12:46:02'),(138,'èœå•ç®¡ç†',3,'com.ruoyi.web.controller.system.SysMenuController.remove()','GET',1,'admin','ç½‘ç»œå·¥ç¨‹','/system/menu/remove/2001','127.0.0.1','å†…ç½‘IP','2001','{\"msg\":\"èœå•å·²åˆ†é…,ä¸å…è®¸åˆ é™¤\",\"code\":301}',0,NULL,'2022-02-16 12:47:55'),(139,'èœå•ç®¡ç†',3,'com.ruoyi.web.controller.system.SysMenuController.remove()','GET',1,'admin','ç½‘ç»œå·¥ç¨‹','/system/menu/remove/2003','127.0.0.1','å†…ç½‘IP','2003','{\"msg\":\"èœå•å·²åˆ†é…,ä¸å…è®¸åˆ é™¤\",\"code\":301}',0,NULL,'2022-02-16 12:48:47'),(140,'èœå•ç®¡ç†',1,'com.ruoyi.web.controller.system.SysMenuController.addSave()','POST',1,'admin','ç½‘ç»œå·¥ç¨‹','/system/menu/add','127.0.0.1','å†…ç½‘IP','{\"parentId\":[\"0\"],\"menuType\":[\"M\"],\"menuName\":[\"è¯¾ç¨‹ç®¡ç†\"],\"url\":[\"\"],\"target\":[\"menuItem\"],\"perms\":[\"\"],\"orderNum\":[\"1\"],\"icon\":[\"fa fa-graduation-cap\"],\"visible\":[\"0\"],\"isRefresh\":[\"1\"]}','{\"msg\":\"æ“ä½œæˆåŠŸ\",\"code\":0}',0,NULL,'2022-02-16 12:50:14'),(141,'èœå•ç®¡ç†',2,'com.ruoyi.web.controller.system.SysMenuController.editSave()','POST',1,'admin','ç½‘ç»œå·¥ç¨‹','/system/menu/edit','127.0.0.1','å†…ç½‘IP','{\"menuId\":[\"2046\"],\"parentId\":[\"0\"],\"menuType\":[\"M\"],\"menuName\":[\"è¯¾ç¨‹ç®¡ç†\"],\"url\":[\"#\"],\"target\":[\"menuItem\"],\"perms\":[\"\"],\"orderNum\":[\"1\"],\"icon\":[\"fa fa-sticky-note\"],\"visible\":[\"0\"],\"isRefresh\":[\"1\"]}','{\"msg\":\"æ“ä½œæˆåŠŸ\",\"code\":0}',0,NULL,'2022-02-16 12:50:57'),(142,'èœå•ç®¡ç†',1,'com.ruoyi.web.controller.system.SysMenuController.addSave()','POST',1,'admin','ç½‘ç»œå·¥ç¨‹','/system/menu/add','127.0.0.1','å†…ç½‘IP','{\"parentId\":[\"0\"],\"menuType\":[\"M\"],\"menuName\":[\"æŠ¥åç®¡ç†\"],\"url\":[\"\"],\"target\":[\"menuItem\"],\"perms\":[\"\"],\"orderNum\":[\"1\"],\"icon\":[\"fa fa-address-book-o\"],\"visible\":[\"0\"],\"isRefresh\":[\"1\"]}','{\"msg\":\"æ“ä½œæˆåŠŸ\",\"code\":0}',0,NULL,'2022-02-16 12:51:22'),(143,'ä»£ç ç”Ÿæˆ',3,'com.ruoyi.generator.controller.GenController.remove()','POST',1,'admin','ç½‘ç»œå·¥ç¨‹','/tool/gen/remove','127.0.0.1','å†…ç½‘IP','{\"ids\":[\"2,1\"]}','{\"msg\":\"æ“ä½œæˆåŠŸ\",\"code\":0}',0,NULL,'2022-02-16 12:52:13'),(144,'ä»£ç ç”Ÿæˆ',6,'com.ruoyi.generator.controller.GenController.importTableSave()','POST',1,'admin','ç½‘ç»œå·¥ç¨‹','/tool/gen/importTable','127.0.0.1','å†…ç½‘IP','{\"tables\":[\"registration_user_course,registration_course\"]}','{\"msg\":\"æ“ä½œæˆåŠŸ\",\"code\":0}',0,NULL,'2022-02-16 12:52:21'),(145,'ä»£ç ç”Ÿæˆ',8,'com.ruoyi.generator.controller.GenController.batchGenCode()','GET',1,'admin','ç½‘ç»œå·¥ç¨‹','/tool/gen/batchGenCode','127.0.0.1','å†…ç½‘IP','{\"tables\":[\"registration_course,registration_user_course\"]}',NULL,0,NULL,'2022-02-16 12:52:26'),(146,'ä»£ç ç”Ÿæˆ',2,'com.ruoyi.generator.controller.GenController.editSave()','POST',1,'admin','ç½‘ç»œå·¥ç¨‹','/tool/gen/edit','127.0.0.1','å†…ç½‘IP','{\"tableId\":[\"3\"],\"tableName\":[\"registration_course\"],\"tableComment\":[\"æŠ¥åè¯¾ç¨‹è¡¨\"],\"className\":[\"RegistrationCourse\"],\"functionAuthor\":[\"ruoyi\"],\"remark\":[\"\"],\"columns[0].columnId\":[\"20\"],\"columns[0].sort\":[\"1\"],\"columns[0].columnComment\":[\"å‚æ•°ä¸»é”®\"],\"columns[0].javaType\":[\"Long\"],\"columns[0].javaField\":[\"id\"],\"columns[0].isInsert\":[\"1\"],\"columns[0].queryType\":[\"EQ\"],\"columns[0].htmlType\":[\"input\"],\"columns[0].dictType\":[\"\"],\"columns[1].columnId\":[\"21\"],\"columns[1].sort\":[\"2\"],\"columns[1].columnComment\":[\"è¯¾ç¨‹åç§°\"],\"columns[1].javaType\":[\"String\"],\"columns[1].javaField\":[\"courseName\"],\"columns[1].isInsert\":[\"1\"],\"columns[1].isEdit\":[\"1\"],\"columns[1].isList\":[\"1\"],\"columns[1].isQuery\":[\"1\"],\"columns[1].queryType\":[\"LIKE\"],\"columns[1].htmlType\":[\"input\"],\"columns[1].dictType\":[\"\"],\"columns[2].columnId\":[\"22\"],\"columns[2].sort\":[\"3\"],\"columns[2].columnComment\":[\"è¯¾ç¨‹å­¦åˆ†\"],\"columns[2].javaType\":[\"String\"],\"columns[2].javaField\":[\"courseScore\"],\"columns[2].isInsert\":[\"1\"],\"columns[2].isEdit\":[\"1\"],\"columns[2].isList\":[\"1\"],\"columns[2].isQuery\":[\"1\"],\"columns[2].queryType\":[\"EQ\"],\"columns[2].htmlType\":[\"input\"],\"columns[2].dictType\":[\"\"],\"columns[3].columnId\":[\"23\"],\"columns[3].sort\":[\"4\"],\"columns[3].columnComment\":[\"æ˜¯å¦æ˜¯å¿…ä¿®è¯¾ç¨‹ 0é€‰ä¿® 1å¿…ä¿®\"],\"columns[3].javaType\":[\"String\"],\"columns[3].javaField\":[\"courseRequired\"],\"columns[3].isInsert\":[\"1\"],\"columns[3].isEdit\":[\"1\"],\"columns[3].isList\":[\"1\"],\"columns[3].isQuery\":[\"1\"],\"columns[3].queryType\":[\"EQ\"],\"columns[3].htmlType\":[\"input\"],\"columns[3].dictType\":[\"\"],\"columns[4].columnId\":[\"24\"],\"columns[4].sort\":[\"5\"],\"columns[4].columnComment\":[\"è¯¾ç¨‹çŠ¶æ€ï¼ˆ0æ­£å¸¸ 1åœç”¨ï¼‰\"],\"columns[4].javaType\":[\"String\"],\"columns[4].javaField\":[\"status\"],\"columns[4].isInsert\":[\"1\"],\"columns[4].isEdit\":[\"1\"],\"columns[4].isList\":[\"1\"],\"columns[4].isQuery\":[\"1\"],\"columns[4].queryType\":[\"EQ\"],\"columns[4].htmlType\":[\"radio\"],\"columns[4].dictType\":[\"\"],\"columns[5].columnId\":[\"25\"],\"columns[5].sort\":[\"6\"],\"columns[5].columnComment\":[\"åˆ›å»ºè€…\"],\"columns[5].javaType\":[\"String\"],\"columns[5]','{\"msg\":\"æ“ä½œæˆåŠŸ\",\"code\":0}',0,NULL,'2022-02-16 12:53:19'),(147,'ä»£ç ç”Ÿæˆ',2,'com.ruoyi.generator.controller.GenController.editSave()','POST',1,'admin','ç½‘ç»œå·¥ç¨‹','/tool/gen/edit','127.0.0.1','å†…ç½‘IP','{\"tableId\":[\"4\"],\"tableName\":[\"registration_user_course\"],\"tableComment\":[\"å­¦ç”ŸæŠ¥åè¯¾ç¨‹è¡¨\"],\"className\":[\"RegistrationUserCourse\"],\"functionAuthor\":[\"ruoyi\"],\"remark\":[\"\"],\"columns[0].columnId\":[\"30\"],\"columns[0].sort\":[\"1\"],\"columns[0].columnComment\":[\"å‚æ•°ä¸»é”®\"],\"columns[0].javaType\":[\"Long\"],\"columns[0].javaField\":[\"id\"],\"columns[0].isInsert\":[\"1\"],\"columns[0].queryType\":[\"EQ\"],\"columns[0].htmlType\":[\"input\"],\"columns[0].dictType\":[\"\"],\"columns[1].columnId\":[\"31\"],\"columns[1].sort\":[\"2\"],\"columns[1].columnComment\":[\"ç”¨æˆ·id\"],\"columns[1].javaType\":[\"String\"],\"columns[1].javaField\":[\"userId\"],\"columns[1].isInsert\":[\"1\"],\"columns[1].isEdit\":[\"1\"],\"columns[1].isList\":[\"1\"],\"columns[1].isQuery\":[\"1\"],\"columns[1].queryType\":[\"EQ\"],\"columns[1].htmlType\":[\"input\"],\"columns[1].dictType\":[\"\"],\"columns[2].columnId\":[\"32\"],\"columns[2].sort\":[\"3\"],\"columns[2].columnComment\":[\"è¯¾ç¨‹id\"],\"columns[2].javaType\":[\"String\"],\"columns[2].javaField\":[\"courseId\"],\"columns[2].isInsert\":[\"1\"],\"columns[2].isEdit\":[\"1\"],\"columns[2].isList\":[\"1\"],\"columns[2].isQuery\":[\"1\"],\"columns[2].queryType\":[\"EQ\"],\"columns[2].htmlType\":[\"input\"],\"columns[2].dictType\":[\"\"],\"columns[3].columnId\":[\"33\"],\"columns[3].sort\":[\"4\"],\"columns[3].columnComment\":[\"æŠ¥åçŠ¶æ€ 0æœªæŠ¥å 1å·²æŠ¥å\"],\"columns[3].javaType\":[\"String\"],\"columns[3].javaField\":[\"registrationStatus\"],\"columns[3].isInsert\":[\"1\"],\"columns[3].isEdit\":[\"1\"],\"columns[3].isList\":[\"1\"],\"columns[3].isQuery\":[\"1\"],\"columns[3].queryType\":[\"EQ\"],\"columns[3].htmlType\":[\"radio\"],\"columns[3].dictType\":[\"\"],\"columns[4].columnId\":[\"34\"],\"columns[4].sort\":[\"5\"],\"columns[4].columnComment\":[\"åˆ›å»ºè€…\"],\"columns[4].javaType\":[\"String\"],\"columns[4].javaField\":[\"createBy\"],\"columns[4].isInsert\":[\"1\"],\"columns[4].queryType\":[\"EQ\"],\"columns[4].htmlType\":[\"input\"],\"columns[4].dictType\":[\"\"],\"columns[5].columnId\":[\"35\"],\"columns[5].sort\":[\"6\"],\"columns[5].columnComment\":[\"åˆ›å»ºæ—¶é—´\"],\"columns[5].javaType\":[\"Date\"],\"columns[5].javaField\":[\"createTime\"],\"columns[5].isInsert\":[\"1\"],\"columns[5].queryType\":[\"EQ\"','{\"msg\":\"æ“ä½œæˆåŠŸ\",\"code\":0}',0,NULL,'2022-02-16 12:53:42'),(148,'ä»£ç ç”Ÿæˆ',8,'com.ruoyi.generator.controller.GenController.batchGenCode()','GET',1,'admin','ç½‘ç»œå·¥ç¨‹','/tool/gen/batchGenCode','127.0.0.1','å†…ç½‘IP','{\"tables\":[\"registration_course,registration_user_course\"]}',NULL,0,NULL,'2022-02-16 12:54:22'),(149,'èœå•ç®¡ç†',2,'com.ruoyi.web.controller.system.SysMenuController.editSave()','POST',1,'admin','ç½‘ç»œå·¥ç¨‹','/system/menu/edit','127.0.0.1','å†…ç½‘IP','{\"menuId\":[\"2048\"],\"parentId\":[\"2046\"],\"menuType\":[\"C\"],\"menuName\":[\"è¯¾ç¨‹ç®¡ç†\"],\"url\":[\"/system/course\"],\"target\":[\"menuItem\"],\"perms\":[\"system:course:view\"],\"orderNum\":[\"1\"],\"icon\":[\"#\"],\"visible\":[\"0\"],\"isRefresh\":[\"1\"]}','{\"msg\":\"æ“ä½œæˆåŠŸ\",\"code\":0}',0,NULL,'2022-02-16 16:31:04'),(150,'èœå•ç®¡ç†',2,'com.ruoyi.web.controller.system.SysMenuController.editSave()','POST',1,'admin','ç½‘ç»œå·¥ç¨‹','/system/menu/edit','127.0.0.1','å†…ç½‘IP','{\"menuId\":[\"2054\"],\"parentId\":[\"2047\"],\"menuType\":[\"C\"],\"menuName\":[\"å­¦ç”ŸæŠ¥åç®¡ç†\"],\"url\":[\"/system/userCourse\"],\"target\":[\"menuItem\"],\"perms\":[\"system:userCourse:view\"],\"orderNum\":[\"1\"],\"icon\":[\"#\"],\"visible\":[\"0\"],\"isRefresh\":[\"1\"]}','{\"msg\":\"æ“ä½œæˆåŠŸ\",\"code\":0}',0,NULL,'2022-02-16 16:31:22'),(151,'èœå•ç®¡ç†',1,'com.ruoyi.web.controller.system.SysMenuController.addSave()','POST',1,'admin','ç½‘ç»œå·¥ç¨‹','/system/menu/add','127.0.0.1','å†…ç½‘IP','{\"parentId\":[\"0\"],\"menuType\":[\"M\"],\"menuName\":[\"æŠ¥åé€‰è¯¾\"],\"url\":[\"\"],\"target\":[\"menuItem\"],\"perms\":[\"\"],\"orderNum\":[\"1\"],\"icon\":[\"fa fa-graduation-cap\"],\"visible\":[\"0\"],\"isRefresh\":[\"1\"]}','{\"msg\":\"æ“ä½œæˆåŠŸ\",\"code\":0}',0,NULL,'2022-02-16 16:34:14'),(152,'èœå•ç®¡ç†',1,'com.ruoyi.web.controller.system.SysMenuController.addSave()','POST',1,'admin','ç½‘ç»œå·¥ç¨‹','/system/menu/add','127.0.0.1','å†…ç½‘IP','{\"parentId\":[\"2060\"],\"menuType\":[\"C\"],\"menuName\":[\"æˆ‘è¦æŠ¥å\"],\"url\":[\"\"],\"target\":[\"menuItem\"],\"perms\":[\"\"],\"orderNum\":[\"1\"],\"icon\":[\"fa fa-address-book\"],\"visible\":[\"0\"],\"isRefresh\":[\"1\"]}','{\"msg\":\"æ“ä½œæˆåŠŸ\",\"code\":0}',0,NULL,'2022-02-16 16:35:33'),(153,'èœå•ç®¡ç†',1,'com.ruoyi.web.controller.system.SysMenuController.addSave()','POST',1,'admin','ç½‘ç»œå·¥ç¨‹','/system/menu/add','127.0.0.1','å†…ç½‘IP','{\"parentId\":[\"2060\"],\"menuType\":[\"C\"],\"menuName\":[\"æˆ‘çš„é€‰è¯¾\"],\"url\":[\"\"],\"target\":[\"menuItem\"],\"perms\":[\"\"],\"orderNum\":[\"2\"],\"icon\":[\"fa fa-address-card\"],\"visible\":[\"0\"],\"isRefresh\":[\"1\"]}','{\"msg\":\"æ“ä½œæˆåŠŸ\",\"code\":0}',0,NULL,'2022-02-16 16:36:42'),(154,'èœå•ç®¡ç†',2,'com.ruoyi.web.controller.system.SysMenuController.editSave()','POST',1,'admin','ç½‘ç»œå·¥ç¨‹','/system/menu/edit','127.0.0.1','å†…ç½‘IP','{\"menuId\":[\"2061\"],\"parentId\":[\"2060\"],\"menuType\":[\"C\"],\"menuName\":[\"æˆ‘è¦æŠ¥å\"],\"url\":[\"/system/toSignUp\"],\"target\":[\"menuItem\"],\"perms\":[\"\"],\"orderNum\":[\"1\"],\"icon\":[\"fa fa-address-book\"],\"visible\":[\"0\"],\"isRefresh\":[\"1\"]}','{\"msg\":\"æ“ä½œæˆåŠŸ\",\"code\":0}',0,NULL,'2022-02-16 16:44:50'),(155,'èœå•ç®¡ç†',2,'com.ruoyi.web.controller.system.SysMenuController.editSave()','POST',1,'admin','ç½‘ç»œå·¥ç¨‹','/system/menu/edit','127.0.0.1','å†…ç½‘IP','{\"menuId\":[\"2061\"],\"parentId\":[\"2060\"],\"menuType\":[\"C\"],\"menuName\":[\"æˆ‘è¦æŠ¥å\"],\"url\":[\"/system/toSignUp\"],\"target\":[\"menuItem\"],\"perms\":[\"system:userCourse:view\"],\"orderNum\":[\"1\"],\"icon\":[\"fa fa-address-book\"],\"visible\":[\"0\"],\"isRefresh\":[\"1\"]}','{\"msg\":\"æ“ä½œæˆåŠŸ\",\"code\":0}',0,NULL,'2022-02-16 16:46:18'),(156,'èœå•ç®¡ç†',2,'com.ruoyi.web.controller.system.SysMenuController.editSave()','POST',1,'admin','ç½‘ç»œå·¥ç¨‹','/system/menu/edit','127.0.0.1','å†…ç½‘IP','{\"menuId\":[\"2061\"],\"parentId\":[\"2060\"],\"menuType\":[\"C\"],\"menuName\":[\"æˆ‘è¦æŠ¥å\"],\"url\":[\"/system/toSignUp\"],\"target\":[\"menuItem\"],\"perms\":[\"system:signUpCourse:view\"],\"orderNum\":[\"1\"],\"icon\":[\"fa fa-address-book\"],\"visible\":[\"0\"],\"isRefresh\":[\"1\"]}','{\"msg\":\"æ“ä½œæˆåŠŸ\",\"code\":0}',0,NULL,'2022-02-16 17:03:57'),(157,'èœå•ç®¡ç†',2,'com.ruoyi.web.controller.system.SysMenuController.editSave()','POST',1,'admin','ç½‘ç»œå·¥ç¨‹','/system/menu/edit','127.0.0.1','å†…ç½‘IP','{\"menuId\":[\"2061\"],\"parentId\":[\"2060\"],\"menuType\":[\"C\"],\"menuName\":[\"æˆ‘è¦æŠ¥å\"],\"url\":[\"/system/signUpCourse\"],\"target\":[\"menuItem\"],\"perms\":[\"system:signUpCourse:view\"],\"orderNum\":[\"1\"],\"icon\":[\"fa fa-address-book\"],\"visible\":[\"0\"],\"isRefresh\":[\"1\"]}','{\"msg\":\"æ“ä½œæˆåŠŸ\",\"code\":0}',0,NULL,'2022-02-16 17:04:18'),(158,'èœå•ç®¡ç†',2,'com.ruoyi.web.controller.system.SysMenuController.editSave()','POST',1,'admin','ç½‘ç»œå·¥ç¨‹','/system/menu/edit','127.0.0.1','å†…ç½‘IP','{\"menuId\":[\"2061\"],\"parentId\":[\"2060\"],\"menuType\":[\"C\"],\"menuName\":[\"æˆ‘è¦æŠ¥å\"],\"url\":[\"/system/userCourse/signUpCourse\"],\"target\":[\"menuItem\"],\"perms\":[\"system:signUpCourse:view\"],\"orderNum\":[\"1\"],\"icon\":[\"fa fa-address-book\"],\"visible\":[\"0\"],\"isRefresh\":[\"1\"]}','{\"msg\":\"æ“ä½œæˆåŠŸ\",\"code\":0}',0,NULL,'2022-02-16 17:09:24'),(159,'æŠ¥åè¯¾ç¨‹',1,'com.ruoyi.web.controller.registration.RegistrationCourseController.addSave()','POST',1,'admin','ç½‘ç»œå·¥ç¨‹','/system/course/add','127.0.0.1','å†…ç½‘IP','{\"courseName\":[\"åŒ–å­¦\"],\"courseScore\":[\"2\"],\"courseRequired\":[\"å¿…ä¿®\",\"å¯ç”¨\"],\"remark\":[\"1212\"]}',NULL,1,'\n### Error updating database.  Cause: com.mysql.cj.jdbc.exceptions.MysqlDataTruncation: Data truncation: Data too long for column \'course_required\' at row 1\n### The error may exist in file [/Users/mac/IdeaProjects/RegistratioManagementSystem/ruoyi-system/target/classes/mapper/system/RegistrationCourseMapper.xml]\n### The error may involve com.ruoyi.system.mapper.RegistrationCourseMapper.insertRegistrationCourse-Inline\n### The error occurred while setting parameters\n### SQL: insert into registration_course          ( course_name,             course_score,             course_required,                                       create_time,                                       remark )           values ( ?,             ?,             ?,                                       ?,                                       ? )\n### Cause: com.mysql.cj.jdbc.exceptions.MysqlDataTruncation: Data truncation: Data too long for column \'course_required\' at row 1\n; Data truncation: Data too long for column \'course_required\' at row 1; nested exception is com.mysql.cj.jdbc.exceptions.MysqlDataTruncation: Data truncation: Data too long for column \'course_required\' at row 1','2022-02-18 21:04:44'),(160,'æŠ¥åè¯¾ç¨‹',1,'com.ruoyi.web.controller.registration.RegistrationCourseController.addSave()','POST',1,'admin','ç½‘ç»œå·¥ç¨‹','/system/course/add','127.0.0.1','å†…ç½‘IP','{\"courseName\":[\"åŒ–å­¦\"],\"courseScore\":[\"2\"],\"courseRequired\":[\"å¿…ä¿®\",\"å¯ç”¨\"],\"remark\":[\"1212\"]}',NULL,1,'\n### Error updating database.  Cause: com.mysql.cj.jdbc.exceptions.MysqlDataTruncation: Data truncation: Data too long for column \'course_required\' at row 1\n### The error may exist in file [/Users/mac/IdeaProjects/RegistratioManagementSystem/ruoyi-system/target/classes/mapper/system/RegistrationCourseMapper.xml]\n### The error may involve com.ruoyi.system.mapper.RegistrationCourseMapper.insertRegistrationCourse-Inline\n### The error occurred while setting parameters\n### SQL: insert into registration_course          ( course_name,             course_score,             course_required,                                       create_time,                                       remark )           values ( ?,             ?,             ?,                                       ?,                                       ? )\n### Cause: com.mysql.cj.jdbc.exceptions.MysqlDataTruncation: Data truncation: Data too long for column \'course_required\' at row 1\n; Data truncation: Data too long for column \'course_required\' at row 1; nested exception is com.mysql.cj.jdbc.exceptions.MysqlDataTruncation: Data truncation: Data too long for column \'course_required\' at row 1','2022-02-18 21:17:52'),(161,'èœå•ç®¡ç†',2,'com.ruoyi.web.controller.system.SysMenuController.editSave()','POST',1,'admin','ç½‘ç»œå·¥ç¨‹','/system/menu/edit','127.0.0.1','å†…ç½‘IP','{\"menuId\":[\"3\"],\"parentId\":[\"0\"],\"menuType\":[\"M\"],\"menuName\":[\"ç³»ç»Ÿå·¥å…·\"],\"url\":[\"#\"],\"target\":[\"menuItem\"],\"perms\":[\"\"],\"orderNum\":[\"3\"],\"icon\":[\"fa fa-bars\"],\"visible\":[\"1\"],\"isRefresh\":[\"1\"]}','{\"msg\":\"æ“ä½œæˆåŠŸ\",\"code\":0}',0,NULL,'2022-02-18 21:19:21'),(162,'æŠ¥åè¯¾ç¨‹',1,'com.ruoyi.web.controller.registration.RegistrationCourseController.addSave()','POST',1,'admin','ç½‘ç»œå·¥ç¨‹','/system/course/add','127.0.0.1','å†…ç½‘IP','{\"courseName\":[\"åŒ–å­¦\"],\"courseScore\":[\"2\"],\"courseRequired\":[\"1\"],\"status\":[\"0\"],\"remark\":[\"1212\"]}','{\"msg\":\"æ“ä½œæˆåŠŸ\",\"code\":0}',0,NULL,'2022-02-18 21:19:59'),(163,'æŠ¥åè¯¾ç¨‹',1,'com.ruoyi.web.controller.registration.RegistrationCourseController.addSave()','POST',1,'admin','ç½‘ç»œå·¥ç¨‹','/system/course/add','127.0.0.1','å†…ç½‘IP','{\"courseName\":[\"å¤ä»£éŸ³ä¹é‰´èµ\"],\"courseScore\":[\"2\"],\"courseRequired\":[\"0\"],\"status\":[\"0\"],\"remark\":[\"å¤ä»£éŸ³ä¹é‰´èµ\"]}','{\"msg\":\"æ“ä½œæˆåŠŸ\",\"code\":0}',0,NULL,'2022-02-18 21:21:05'),(164,'æŠ¥åè¯¾ç¨‹',2,'com.ruoyi.web.controller.registration.RegistrationCourseController.editSave()','POST',1,'admin','ç½‘ç»œå·¥ç¨‹','/system/course/edit','127.0.0.1','å†…ç½‘IP','{\"id\":[\"100\"],\"courseName\":[\"åŒ–å­¦\"],\"courseScore\":[\"2\"],\"courseRequired\":[\"1\"],\"remark\":[\"åŒ–å­¦è¯¾\"]}','{\"msg\":\"æ“ä½œæˆåŠŸ\",\"code\":0}',0,NULL,'2022-02-18 21:21:27'),(165,'ä¸ªäººä¿¡æ¯',2,'com.ruoyi.web.controller.system.SysProfileController.updateAvatar()','POST',1,'admin','ç½‘ç»œå·¥ç¨‹','/system/user/profile/updateAvatar','127.0.0.1','å†…ç½‘IP','','{\"msg\":\"æ“ä½œæˆåŠŸ\",\"code\":0}',0,NULL,'2022-02-18 21:23:32'),(166,'ä¸ªäººä¿¡æ¯',2,'com.ruoyi.web.controller.system.SysProfileController.update()','POST',1,'admin','ç½‘ç»œå·¥ç¨‹','/system/user/profile/update','127.0.0.1','å†…ç½‘IP','{\"id\":[\"\"],\"userName\":[\"ç®¡ç†å‘˜\"],\"phonenumber\":[\"15888888888\"],\"email\":[\"ry@163.com\"],\"sex\":[\"1\"]}','{\"msg\":\"æ“ä½œæˆåŠŸ\",\"code\":0}',0,NULL,'2022-02-18 21:24:23'),(167,'å²—ä½ç®¡ç†',2,'com.ruoyi.web.controller.system.SysPostController.editSave()','POST',1,'admin','ç½‘ç»œå·¥ç¨‹','/system/post/edit','127.0.0.1','å†…ç½‘IP','{\"postId\":[\"1\"],\"postName\":[\"æ ¡é•¿\"],\"postCode\":[\"ceo\"],\"postSort\":[\"1\"],\"status\":[\"0\"],\"remark\":[\"\"]}','{\"msg\":\"æ“ä½œæˆåŠŸ\",\"code\":0}',0,NULL,'2022-02-18 21:27:57'),(168,'å²—ä½ç®¡ç†',2,'com.ruoyi.web.controller.system.SysPostController.editSave()','POST',1,'admin','ç½‘ç»œå·¥ç¨‹','/system/post/edit','127.0.0.1','å†…ç½‘IP','{\"postId\":[\"2\"],\"postName\":[\"é™¢é•¿\"],\"postCode\":[\"se\"],\"postSort\":[\"2\"],\"status\":[\"0\"],\"remark\":[\"\"]}','{\"msg\":\"æ“ä½œæˆåŠŸ\",\"code\":0}',0,NULL,'2022-02-18 21:28:04'),(169,'å²—ä½ç®¡ç†',2,'com.ruoyi.web.controller.system.SysPostController.editSave()','POST',1,'admin','ç½‘ç»œå·¥ç¨‹','/system/post/edit','127.0.0.1','å†…ç½‘IP','{\"postId\":[\"3\"],\"postName\":[\"æ•™å¸ˆ\"],\"postCode\":[\"hr\"],\"postSort\":[\"3\"],\"status\":[\"0\"],\"remark\":[\"\"]}','{\"msg\":\"æ“ä½œæˆåŠŸ\",\"code\":0}',0,NULL,'2022-02-18 21:28:11'),(170,'å²—ä½ç®¡ç†',2,'com.ruoyi.web.controller.system.SysPostController.editSave()','POST',1,'admin','ç½‘ç»œå·¥ç¨‹','/system/post/edit','127.0.0.1','å†…ç½‘IP','{\"postId\":[\"1\"],\"postName\":[\"é™¢é•¿åŠå…¬å®¤\"],\"postCode\":[\"ceo\"],\"postSort\":[\"1\"],\"status\":[\"0\"],\"remark\":[\"\"]}','{\"msg\":\"æ“ä½œæˆåŠŸ\",\"code\":0}',0,NULL,'2022-02-18 21:28:54'),(171,'å²—ä½ç®¡ç†',2,'com.ruoyi.web.controller.system.SysPostController.editSave()','POST',1,'admin','ç½‘ç»œå·¥ç¨‹','/system/post/edit','127.0.0.1','å†…ç½‘IP','{\"postId\":[\"2\"],\"postName\":[\"å‰¯é™¢é•¿\"],\"postCode\":[\"se\"],\"postSort\":[\"2\"],\"status\":[\"0\"],\"remark\":[\"\"]}','{\"msg\":\"æ“ä½œæˆåŠŸ\",\"code\":0}',0,NULL,'2022-02-18 21:29:02'),(172,'è§’è‰²ç®¡ç†',2,'com.ruoyi.web.controller.system.SysRoleController.editSave()','POST',1,'admin','ç½‘ç»œå·¥ç¨‹','/system/role/edit','127.0.0.1','å†…ç½‘IP','{\"roleId\":[\"2\"],\"roleName\":[\"è€å¸ˆè§’è‰²\"],\"roleKey\":[\"teacher\"],\"roleSort\":[\"2\"],\"status\":[\"0\"],\"remark\":[\"æ™®é€šè§’è‰²\"],\"menuIds\":[\"2046,2048,2049,2050,2051,2052,2053,2047,2054,2055,2056,2057,2058,2059\"]}','{\"msg\":\"æ“ä½œæˆåŠŸ\",\"code\":0}',0,NULL,'2022-02-18 21:30:08'),(173,'è§’è‰²ç®¡ç†',2,'com.ruoyi.web.controller.system.SysRoleController.editSave()','POST',1,'admin','ç½‘ç»œå·¥ç¨‹','/system/role/edit','127.0.0.1','å†…ç½‘IP','{\"roleId\":[\"100\"],\"roleName\":[\"å­¦ç”Ÿç”¨æˆ·\"],\"roleKey\":[\"student\"],\"roleSort\":[\"3\"],\"status\":[\"0\"],\"remark\":[\"\"],\"menuIds\":[\"2060,2061,2062\"]}','{\"msg\":\"æ“ä½œæˆåŠŸ\",\"code\":0}',0,NULL,'2022-02-18 21:30:14'),(174,'é‡ç½®å¯†ç ',2,'com.ruoyi.web.controller.system.SysUserController.resetPwdSave()','POST',1,'admin','ç½‘ç»œå·¥ç¨‹','/system/user/resetPwd','127.0.0.1','å†…ç½‘IP','{\"userId\":[\"2\"],\"loginName\":[\"teacher_01\"]}','{\"msg\":\"æ“ä½œæˆåŠŸ\",\"code\":0}',0,NULL,'2022-02-18 21:40:16'),(175,'é‡ç½®å¯†ç ',2,'com.ruoyi.web.controller.system.SysUserController.resetPwdSave()','POST',1,'admin','ç½‘ç»œå·¥ç¨‹','/system/user/resetPwd','127.0.0.1','å†…ç½‘IP','{\"userId\":[\"100\"],\"loginName\":[\"student_01\"]}','{\"msg\":\"æ“ä½œæˆåŠŸ\",\"code\":0}',0,NULL,'2022-02-18 21:40:25'),(176,'ä¸ªäººä¿¡æ¯',2,'com.ruoyi.web.controller.system.SysProfileController.updateAvatar()','POST',1,'teacher_01','è½¯ä»¶å·¥ç¨‹','/system/user/profile/updateAvatar','127.0.0.1','å†…ç½‘IP','','{\"msg\":\"æ“ä½œæˆåŠŸ\",\"code\":0}',0,NULL,'2022-02-18 21:40:55'),(177,'ä¸ªäººä¿¡æ¯',2,'com.ruoyi.web.controller.system.SysProfileController.updateAvatar()','POST',1,'student_01','ç½‘ç»œå·¥ç¨‹','/system/user/profile/updateAvatar','127.0.0.1','å†…ç½‘IP','','{\"msg\":\"æ“ä½œæˆåŠŸ\",\"code\":0}',0,NULL,'2022-02-18 21:42:16'),(178,'ç”¨æˆ·ç®¡ç†',2,'com.ruoyi.web.controller.system.SysUserController.editSave()','POST',1,'admin','ç½‘ç»œå·¥ç¨‹','/system/user/edit','127.0.0.1','å†…ç½‘IP','{\"userId\":[\"101\"],\"deptId\":[\"\"],\"userName\":[\"student_02\"],\"dept.deptName\":[\"\"],\"phonenumber\":[\"\"],\"email\":[\"\"],\"loginName\":[\"student_02\"],\"sex\":[\"0\"],\"role\":[\"100\"],\"remark\":[\"\"],\"status\":[\"0\"],\"roleIds\":[\"100\"],\"postIds\":[\"\"]}','{\"msg\":\"æ“ä½œæˆåŠŸ\",\"code\":0}',0,NULL,'2022-02-18 21:49:03');
/*!40000 ALTER TABLE `sys_oper_log` ENABLE KEYS */;
UNLOCK TABLES;

--
-- Table structure for table `sys_post`
--

DROP TABLE IF EXISTS `sys_post`;
/*!40101 SET @saved_cs_client     = @@character_set_client */;
/*!50503 SET character_set_client = utf8mb4 */;
CREATE TABLE `sys_post` (
  `post_id` bigint NOT NULL AUTO_INCREMENT COMMENT 'å²—ä½ID',
  `post_code` varchar(64) CHARACTER SET utf8mb4 COLLATE utf8mb4_0900_ai_ci NOT NULL COMMENT 'å²—ä½ç¼–ç ',
  `post_name` varchar(50) CHARACTER SET utf8mb4 COLLATE utf8mb4_0900_ai_ci NOT NULL COMMENT 'å²—ä½åç§°',
  `post_sort` int NOT NULL COMMENT 'æ˜¾ç¤ºé¡ºåº',
  `status` char(1) CHARACTER SET utf8mb4 COLLATE utf8mb4_0900_ai_ci NOT NULL COMMENT 'çŠ¶æ€ï¼ˆ0æ­£å¸¸ 1åœç”¨ï¼‰',
  `create_by` varchar(64) CHARACTER SET utf8mb4 COLLATE utf8mb4_0900_ai_ci DEFAULT '' COMMENT 'åˆ›å»ºè€…',
  `create_time` datetime DEFAULT NULL COMMENT 'åˆ›å»ºæ—¶é—´',
  `update_by` varchar(64) CHARACTER SET utf8mb4 COLLATE utf8mb4_0900_ai_ci DEFAULT '' COMMENT 'æ›´æ–°è€…',
  `update_time` datetime DEFAULT NULL COMMENT 'æ›´æ–°æ—¶é—´',
  `remark` varchar(500) CHARACTER SET utf8mb4 COLLATE utf8mb4_0900_ai_ci DEFAULT NULL COMMENT 'å¤‡æ³¨',
  PRIMARY KEY (`post_id`) USING BTREE
) ENGINE=InnoDB AUTO_INCREMENT=5 DEFAULT CHARSET=utf8mb4 COLLATE=utf8mb4_0900_ai_ci COMMENT='å²—ä½ä¿¡æ¯è¡¨';
/*!40101 SET character_set_client = @saved_cs_client */;

--
-- Dumping data for table `sys_post`
--

LOCK TABLES `sys_post` WRITE;
/*!40000 ALTER TABLE `sys_post` DISABLE KEYS */;
INSERT INTO `sys_post` VALUES (1,'ceo','é™¢é•¿åŠå…¬å®¤',1,'0','admin','2022-02-14 14:28:36','admin','2022-02-18 21:28:54',''),(2,'se','å‰¯é™¢é•¿',2,'0','admin','2022-02-14 14:28:36','admin','2022-02-18 21:29:01',''),(3,'hr','æ•™å¸ˆ',3,'0','admin','2022-02-14 14:28:36','admin','2022-02-18 21:28:11',''),(4,'user','æ™®é€šå‘˜å·¥',4,'0','admin','2022-02-14 14:28:36','',NULL,'');
/*!40000 ALTER TABLE `sys_post` ENABLE KEYS */;
UNLOCK TABLES;

--
-- Table structure for table `sys_role`
--

DROP TABLE IF EXISTS `sys_role`;
/*!40101 SET @saved_cs_client     = @@character_set_client */;
/*!50503 SET character_set_client = utf8mb4 */;
CREATE TABLE `sys_role` (
  `role_id` bigint NOT NULL AUTO_INCREMENT COMMENT 'è§’è‰²ID',
  `role_name` varchar(30) CHARACTER SET utf8mb4 COLLATE utf8mb4_0900_ai_ci NOT NULL COMMENT 'è§’è‰²åç§°',
  `role_key` varchar(100) CHARACTER SET utf8mb4 COLLATE utf8mb4_0900_ai_ci NOT NULL COMMENT 'è§’è‰²æƒé™å­—ç¬¦ä¸²',
  `role_sort` int NOT NULL COMMENT 'æ˜¾ç¤ºé¡ºåº',
  `data_scope` char(1) CHARACTER SET utf8mb4 COLLATE utf8mb4_0900_ai_ci DEFAULT '1' COMMENT 'æ•°æ®èŒƒå›´ï¼ˆ1ï¼šå…¨éƒ¨æ•°æ®æƒé™ 2ï¼šè‡ªå®šæ•°æ®æƒé™ 3ï¼šæœ¬éƒ¨é—¨æ•°æ®æƒé™ 4ï¼šæœ¬éƒ¨é—¨åŠä»¥ä¸‹æ•°æ®æƒé™ï¼‰',
  `status` char(1) CHARACTER SET utf8mb4 COLLATE utf8mb4_0900_ai_ci NOT NULL COMMENT 'è§’è‰²çŠ¶æ€ï¼ˆ0æ­£å¸¸ 1åœç”¨ï¼‰',
  `del_flag` char(1) CHARACTER SET utf8mb4 COLLATE utf8mb4_0900_ai_ci DEFAULT '0' COMMENT 'åˆ é™¤æ ‡å¿—ï¼ˆ0ä»£è¡¨å­˜åœ¨ 2ä»£è¡¨åˆ é™¤ï¼‰',
  `create_by` varchar(64) CHARACTER SET utf8mb4 COLLATE utf8mb4_0900_ai_ci DEFAULT '' COMMENT 'åˆ›å»ºè€…',
  `create_time` datetime DEFAULT NULL COMMENT 'åˆ›å»ºæ—¶é—´',
  `update_by` varchar(64) CHARACTER SET utf8mb4 COLLATE utf8mb4_0900_ai_ci DEFAULT '' COMMENT 'æ›´æ–°è€…',
  `update_time` datetime DEFAULT NULL COMMENT 'æ›´æ–°æ—¶é—´',
  `remark` varchar(500) CHARACTER SET utf8mb4 COLLATE utf8mb4_0900_ai_ci DEFAULT NULL COMMENT 'å¤‡æ³¨',
  PRIMARY KEY (`role_id`) USING BTREE
) ENGINE=InnoDB AUTO_INCREMENT=101 DEFAULT CHARSET=utf8mb4 COLLATE=utf8mb4_0900_ai_ci COMMENT='è§’è‰²ä¿¡æ¯è¡¨';
/*!40101 SET character_set_client = @saved_cs_client */;

--
-- Dumping data for table `sys_role`
--

LOCK TABLES `sys_role` WRITE;
/*!40000 ALTER TABLE `sys_role` DISABLE KEYS */;
INSERT INTO `sys_role` VALUES (1,'è¶…çº§ç®¡ç†å‘˜','admin',1,'1','0','0','admin','2022-02-14 14:28:36','',NULL,'è¶…çº§ç®¡ç†å‘˜'),(2,'è€å¸ˆè§’è‰²','teacher',2,'2','0','0','admin','2022-02-14 14:28:36','admin','2022-02-18 21:30:08','æ™®é€šè§’è‰²'),(100,'å­¦ç”Ÿç”¨æˆ·','student',3,'1','0','0','admin','2022-02-15 16:44:30','admin','2022-02-18 21:30:13','');
/*!40000 ALTER TABLE `sys_role` ENABLE KEYS */;
UNLOCK TABLES;

--
-- Table structure for table `sys_role_dept`
--

DROP TABLE IF EXISTS `sys_role_dept`;
/*!40101 SET @saved_cs_client     = @@character_set_client */;
/*!50503 SET character_set_client = utf8mb4 */;
CREATE TABLE `sys_role_dept` (
  `role_id` bigint NOT NULL COMMENT 'è§’è‰²ID',
  `dept_id` bigint NOT NULL COMMENT 'éƒ¨é—¨ID',
  PRIMARY KEY (`role_id`,`dept_id`) USING BTREE
) ENGINE=InnoDB DEFAULT CHARSET=utf8mb4 COLLATE=utf8mb4_0900_ai_ci COMMENT='è§’è‰²å’Œéƒ¨é—¨å…³è”è¡¨';
/*!40101 SET character_set_client = @saved_cs_client */;

--
-- Dumping data for table `sys_role_dept`
--

LOCK TABLES `sys_role_dept` WRITE;
/*!40000 ALTER TABLE `sys_role_dept` DISABLE KEYS */;
INSERT INTO `sys_role_dept` VALUES (2,100),(2,101),(2,105);
/*!40000 ALTER TABLE `sys_role_dept` ENABLE KEYS */;
UNLOCK TABLES;

--
-- Table structure for table `sys_role_menu`
--

DROP TABLE IF EXISTS `sys_role_menu`;
/*!40101 SET @saved_cs_client     = @@character_set_client */;
/*!50503 SET character_set_client = utf8mb4 */;
CREATE TABLE `sys_role_menu` (
  `role_id` bigint NOT NULL COMMENT 'è§’è‰²ID',
  `menu_id` bigint NOT NULL COMMENT 'èœå•ID',
  PRIMARY KEY (`role_id`,`menu_id`) USING BTREE
) ENGINE=InnoDB DEFAULT CHARSET=utf8mb4 COLLATE=utf8mb4_0900_ai_ci COMMENT='è§’è‰²å’Œèœå•å…³è”è¡¨';
/*!40101 SET character_set_client = @saved_cs_client */;

--
-- Dumping data for table `sys_role_menu`
--

LOCK TABLES `sys_role_menu` WRITE;
/*!40000 ALTER TABLE `sys_role_menu` DISABLE KEYS */;
INSERT INTO `sys_role_menu` VALUES (2,2046),(2,2047),(2,2048),(2,2049),(2,2050),(2,2051),(2,2052),(2,2053),(2,2054),(2,2055),(2,2056),(2,2057),(2,2058),(2,2059),(100,2060),(100,2061),(100,2062);
/*!40000 ALTER TABLE `sys_role_menu` ENABLE KEYS */;
UNLOCK TABLES;

--
-- Table structure for table `sys_user`
--

DROP TABLE IF EXISTS `sys_user`;
/*!40101 SET @saved_cs_client     = @@character_set_client */;
/*!50503 SET character_set_client = utf8mb4 */;
CREATE TABLE `sys_user` (
  `user_id` bigint NOT NULL AUTO_INCREMENT COMMENT 'ç”¨æˆ·ID',
  `dept_id` bigint DEFAULT NULL COMMENT 'éƒ¨é—¨ID',
  `login_name` varchar(30) CHARACTER SET utf8mb4 COLLATE utf8mb4_0900_ai_ci NOT NULL COMMENT 'ç™»å½•è´¦å·',
  `user_name` varchar(30) CHARACTER SET utf8mb4 COLLATE utf8mb4_0900_ai_ci DEFAULT '' COMMENT 'ç”¨æˆ·æ˜µç§°',
  `user_type` varchar(2) CHARACTER SET utf8mb4 COLLATE utf8mb4_0900_ai_ci DEFAULT '00' COMMENT 'ç”¨æˆ·ç±»å‹ï¼ˆ00ç³»ç»Ÿç”¨æˆ· 01æ³¨å†Œç”¨æˆ·ï¼‰',
  `email` varchar(50) CHARACTER SET utf8mb4 COLLATE utf8mb4_0900_ai_ci DEFAULT '' COMMENT 'ç”¨æˆ·é‚®ç®±',
  `phonenumber` varchar(11) CHARACTER SET utf8mb4 COLLATE utf8mb4_0900_ai_ci DEFAULT '' COMMENT 'æ‰‹æœºå·ç ',
  `sex` char(1) CHARACTER SET utf8mb4 COLLATE utf8mb4_0900_ai_ci DEFAULT '0' COMMENT 'ç”¨æˆ·æ€§åˆ«ï¼ˆ0ç”· 1å¥³ 2æœªçŸ¥ï¼‰',
  `avatar` varchar(100) CHARACTER SET utf8mb4 COLLATE utf8mb4_0900_ai_ci DEFAULT '' COMMENT 'å¤´åƒè·¯å¾„',
  `password` varchar(50) CHARACTER SET utf8mb4 COLLATE utf8mb4_0900_ai_ci DEFAULT '' COMMENT 'å¯†ç ',
  `salt` varchar(20) CHARACTER SET utf8mb4 COLLATE utf8mb4_0900_ai_ci DEFAULT '' COMMENT 'ç›åŠ å¯†',
  `status` char(1) CHARACTER SET utf8mb4 COLLATE utf8mb4_0900_ai_ci DEFAULT '0' COMMENT 'å¸å·çŠ¶æ€ï¼ˆ0æ­£å¸¸ 1åœç”¨ï¼‰',
  `del_flag` char(1) CHARACTER SET utf8mb4 COLLATE utf8mb4_0900_ai_ci DEFAULT '0' COMMENT 'åˆ é™¤æ ‡å¿—ï¼ˆ0ä»£è¡¨å­˜åœ¨ 2ä»£è¡¨åˆ é™¤ï¼‰',
  `login_ip` varchar(128) CHARACTER SET utf8mb4 COLLATE utf8mb4_0900_ai_ci DEFAULT '' COMMENT 'æœ€åç™»å½•IP',
  `login_date` datetime DEFAULT NULL COMMENT 'æœ€åç™»å½•æ—¶é—´',
  `pwd_update_date` datetime DEFAULT NULL COMMENT 'å¯†ç æœ€åæ›´æ–°æ—¶é—´',
  `create_by` varchar(64) CHARACTER SET utf8mb4 COLLATE utf8mb4_0900_ai_ci DEFAULT '' COMMENT 'åˆ›å»ºè€…',
  `create_time` datetime DEFAULT NULL COMMENT 'åˆ›å»ºæ—¶é—´',
  `update_by` varchar(64) CHARACTER SET utf8mb4 COLLATE utf8mb4_0900_ai_ci DEFAULT '' COMMENT 'æ›´æ–°è€…',
  `update_time` datetime DEFAULT NULL COMMENT 'æ›´æ–°æ—¶é—´',
  `remark` varchar(500) CHARACTER SET utf8mb4 COLLATE utf8mb4_0900_ai_ci DEFAULT NULL COMMENT 'å¤‡æ³¨',
  PRIMARY KEY (`user_id`) USING BTREE
) ENGINE=InnoDB AUTO_INCREMENT=102 DEFAULT CHARSET=utf8mb4 COLLATE=utf8mb4_0900_ai_ci COMMENT='ç”¨æˆ·ä¿¡æ¯è¡¨';
/*!40101 SET character_set_client = @saved_cs_client */;

--
-- Dumping data for table `sys_user`
--

LOCK TABLES `sys_user` WRITE;
/*!40000 ALTER TABLE `sys_user` DISABLE KEYS */;
INSERT INTO `sys_user` VALUES (1,103,'admin','ç®¡ç†å‘˜','00','ry@163.com','15888888888','1','/profile/avatar/2022/02/18/728d86fc-870c-40c6-a139-dd0755a88a8a.png','29c67a30398638269fe600f73a054934','111111','0','0','127.0.0.1','2022-02-18 21:48:46','2022-02-14 14:28:36','admin','2022-02-14 14:28:36','','2022-02-18 21:48:45','ç®¡ç†å‘˜'),(2,105,'teacher_01','åˆ˜è€å¸ˆ','00','ry@qq.com','15666666666','1','/profile/avatar/2022/02/18/3e8f0d5f-1370-4487-9558-f7b5c6835b57.png','f5f83d6ad922dcece65dbcc757d00195','05da32','0','0','127.0.0.1','2022-02-18 21:47:51','2022-02-14 14:28:36','admin','2022-02-14 14:28:36','','2022-02-18 21:47:51','æµ‹è¯•å‘˜'),(100,103,'student_01','1å·å­¦ç”Ÿ','00','565653454@qq.com','15567678989','0','/profile/avatar/2022/02/18/1bbf7d25-8a53-4ff7-8ad5-4412c7ecd2e1.png','38fab5a24040745b9d500d959c9a5b6d','5922e1','0','0','127.0.0.1','2022-02-18 21:48:20',NULL,'admin','2022-02-15 16:45:38','','2022-02-18 21:48:19',NULL),(101,NULL,'student_02','student_02','01','','','0','','f5dcfa8c28c785e78492364d43da5574','af93dd','0','0','127.0.0.1','2022-02-18 21:49:19','2022-02-18 21:46:43','','2022-02-18 21:46:43','admin','2022-02-18 21:49:18','');
/*!40000 ALTER TABLE `sys_user` ENABLE KEYS */;
UNLOCK TABLES;

--
-- Table structure for table `sys_user_online`
--

DROP TABLE IF EXISTS `sys_user_online`;
/*!40101 SET @saved_cs_client     = @@character_set_client */;
/*!50503 SET character_set_client = utf8mb4 */;
CREATE TABLE `sys_user_online` (
  `sessionId` varchar(50) CHARACTER SET utf8mb4 COLLATE utf8mb4_0900_ai_ci NOT NULL DEFAULT '' COMMENT 'ç”¨æˆ·ä¼šè¯id',
  `login_name` varchar(50) CHARACTER SET utf8mb4 COLLATE utf8mb4_0900_ai_ci DEFAULT '' COMMENT 'ç™»å½•è´¦å·',
  `dept_name` varchar(50) CHARACTER SET utf8mb4 COLLATE utf8mb4_0900_ai_ci DEFAULT '' COMMENT 'éƒ¨é—¨åç§°',
  `ipaddr` varchar(128) CHARACTER SET utf8mb4 COLLATE utf8mb4_0900_ai_ci DEFAULT '' COMMENT 'ç™»å½•IPåœ°å€',
  `login_location` varchar(255) CHARACTER SET utf8mb4 COLLATE utf8mb4_0900_ai_ci DEFAULT '' COMMENT 'ç™»å½•åœ°ç‚¹',
  `browser` varchar(50) CHARACTER SET utf8mb4 COLLATE utf8mb4_0900_ai_ci DEFAULT '' COMMENT 'æµè§ˆå™¨ç±»å‹',
  `os` varchar(50) CHARACTER SET utf8mb4 COLLATE utf8mb4_0900_ai_ci DEFAULT '' COMMENT 'æ“ä½œç³»ç»Ÿ',
  `status` varchar(10) CHARACTER SET utf8mb4 COLLATE utf8mb4_0900_ai_ci DEFAULT '' COMMENT 'åœ¨çº¿çŠ¶æ€on_lineåœ¨çº¿off_lineç¦»çº¿',
  `start_timestamp` datetime DEFAULT NULL COMMENT 'sessionåˆ›å»ºæ—¶é—´',
  `last_access_time` datetime DEFAULT NULL COMMENT 'sessionæœ€åè®¿é—®æ—¶é—´',
  `expire_time` int DEFAULT '0' COMMENT 'è¶…æ—¶æ—¶é—´ï¼Œå•ä½ä¸ºåˆ†é’Ÿ',
  PRIMARY KEY (`sessionId`) USING BTREE
) ENGINE=InnoDB DEFAULT CHARSET=utf8mb4 COLLATE=utf8mb4_0900_ai_ci COMMENT='åœ¨çº¿ç”¨æˆ·è®°å½•';
/*!40101 SET character_set_client = @saved_cs_client */;

--
-- Dumping data for table `sys_user_online`
--

LOCK TABLES `sys_user_online` WRITE;
/*!40000 ALTER TABLE `sys_user_online` DISABLE KEYS */;
/*!40000 ALTER TABLE `sys_user_online` ENABLE KEYS */;
UNLOCK TABLES;

--
-- Table structure for table `sys_user_post`
--

DROP TABLE IF EXISTS `sys_user_post`;
/*!40101 SET @saved_cs_client     = @@character_set_client */;
/*!50503 SET character_set_client = utf8mb4 */;
CREATE TABLE `sys_user_post` (
  `user_id` bigint NOT NULL COMMENT 'ç”¨æˆ·ID',
  `post_id` bigint NOT NULL COMMENT 'å²—ä½ID',
  PRIMARY KEY (`user_id`,`post_id`) USING BTREE
) ENGINE=InnoDB DEFAULT CHARSET=utf8mb4 COLLATE=utf8mb4_0900_ai_ci COMMENT='ç”¨æˆ·ä¸å²—ä½å…³è”è¡¨';
/*!40101 SET character_set_client = @saved_cs_client */;

--
-- Dumping data for table `sys_user_post`
--

LOCK TABLES `sys_user_post` WRITE;
/*!40000 ALTER TABLE `sys_user_post` DISABLE KEYS */;
INSERT INTO `sys_user_post` VALUES (1,1),(2,2);
/*!40000 ALTER TABLE `sys_user_post` ENABLE KEYS */;
UNLOCK TABLES;

--
-- Table structure for table `sys_user_role`
--

DROP TABLE IF EXISTS `sys_user_role`;
/*!40101 SET @saved_cs_client     = @@character_set_client */;
/*!50503 SET character_set_client = utf8mb4 */;
CREATE TABLE `sys_user_role` (
  `user_id` bigint NOT NULL COMMENT 'ç”¨æˆ·ID',
  `role_id` bigint NOT NULL COMMENT 'è§’è‰²ID',
  PRIMARY KEY (`user_id`,`role_id`) USING BTREE
) ENGINE=InnoDB DEFAULT CHARSET=utf8mb4 COLLATE=utf8mb4_0900_ai_ci COMMENT='ç”¨æˆ·å’Œè§’è‰²å…³è”è¡¨';
/*!40101 SET character_set_client = @saved_cs_client */;

--
-- Dumping data for table `sys_user_role`
--

LOCK TABLES `sys_user_role` WRITE;
/*!40000 ALTER TABLE `sys_user_role` DISABLE KEYS */;
INSERT INTO `sys_user_role` VALUES (1,1),(2,2),(100,100),(101,100);
/*!40000 ALTER TABLE `sys_user_role` ENABLE KEYS */;
UNLOCK TABLES;
/*!40103 SET TIME_ZONE=@OLD_TIME_ZONE */;

/*!40101 SET SQL_MODE=@OLD_SQL_MODE */;
/*!40014 SET FOREIGN_KEY_CHECKS=@OLD_FOREIGN_KEY_CHECKS */;
/*!40014 SET UNIQUE_CHECKS=@OLD_UNIQUE_CHECKS */;
/*!40101 SET CHARACTER_SET_CLIENT=@OLD_CHARACTER_SET_CLIENT */;
/*!40101 SET CHARACTER_SET_RESULTS=@OLD_CHARACTER_SET_RESULTS */;
/*!40101 SET COLLATION_CONNECTION=@OLD_COLLATION_CONNECTION */;
/*!40111 SET SQL_NOTES=@OLD_SQL_NOTES */;

-- Dump completed on 2022-02-20 18:06:29
